source_id,rMedGeo,rLoGeo,rHiGeo,rMedKinogeo,rLoKinogeo,rHiKinogeo,vRaMedKinogeo,vRaLoKinogeo,vRaHiKinogeo,vDecMedKinogeo,vDecLoKinogeo,vDecHiKinogeo,rvraCorrKinogeo,rvdecCorrKinogeo,vravdecCorrKinogeo
3490289711213205632,2.2287284150757487,1.0974691449584881,4.481295339895125,1.6814354282520276,1.008529383605774,2.849149049342287,29.72940391000178,18.35953894557687,49.555535521022804,4.393914526518914,0.4199529601401454,11.081469526604133,11.753189221300701,2.3866371231417376,0.37468849283274763
3490290123530068992,1.153986807982847,0.6962336433323918,1.779025183000246,1.263102793266865,0.8417969618647979,2.1682503118347034,-58.7864361121476,-101.52011276726564,-39.321166566112495,1.5030130989758117,-0.6202646968762826,4.357580076151576,-17.579407488712558,0.6198827124838293,-0.3472338246725852
3490290608862052864,2.8343222743670875,1.7139763113333872,5.7319569689641545,1.9615195013533515,1.5064462627779314,2.5637773442897824,-111.61622719251804,-145.3113137020511,-86.25171974794831,12.864110249534848,9.343879028520325,17.258932284560082,-16.583594110038433,2.009524598615509,-0.8664316017610177
3490291326120920960,2.0314271097041106,1.5873512759791972,2.787646820992259,1.9709325486632983,1.581641155275188,2.406302643973246,-88.0866549710599,-107.87155510063315,-70.28456350392017,-22.100983110792246,-27.225454191804605,-17.79730217713572,-8.112164266342637,-1.9797381129163816,0.9713376017370985
3490291841517005824,3.069871137387688,1.3650659286333302,6.40957297679299,3.0198869961470605,1.5583259510087693,4.789908511629108,17.738759431885963,5.694370764374778,37.90561398630053,-24.051211891236136,-43.3573429280294,-11.675035337745195,11.568837457199571,-18.92683195606934,-0.40628819207111644
3490292533007404672,3.8977232095464633,2.809992445239442,5.5985296603719545,2.7673669863252197,2.2376880224922955,3.3886545992664483,-121.53462161148124,-149.00003575499525,-97.83591592339617,-24.654160628458136,-30.18736077984075,-19.784947226349118,-13.291916025781953,-2.6380647602579024,0.9682248900252743
3490293800021157504,2.8019114376284624,1.2426592913977739,5.906696019373156,1.6049948572657988,1.1457559561291288,2.244534546287512,-72.42002710304865,-101.49857212887102,-51.052946595876,-25.933883562970447,-35.98653026610665,-18.48084996716054,-13.39525267825148,-4.591581686778273,0.9521112477187074
3490293907395889792,2.1918828238781565,1.126562524665167,4.269308298023291,2.3971775736558225,1.3962521263990924,3.3812108888682637,-85.42771882437643,-123.18752249442305,-49.91582910977397,1.4829510865810915,-4.527149379804035,8.591417752547901,-30.9670616746529,0.6945200662674728,-0.1390175102562559
3490294319713737472,2.2911121340645915,2.2015055191114468,2.4061655069755177,2.2844942446589824,2.1995238222723827,2.4009426819694197,-74.16001542937676,-77.86993158754579,-71.39134310727444,32.13817338606632,30.914686652799112,33.811022526624114,-0.3202826842645237,0.13893860935452132,-0.9878170202776331
3490294624655815936,4.254582329244769,2.252190328868676,8.149711843998883,3.465426574997614,2.370286972140739,5.167729701156787,-86.01286664071873,-127.90732899750829,-59.23073977361791,6.041708735155115,1.981912034841673,11.89329756786911,-41.61763098116585,3.346459158647902,-0.494405389483538
3490294659015547008,3.573287860740459,2.0687887006014716,7.931972819668994,2.2786506806674542,1.6618169209840816,3.06330768280914,-95.34456181576358,-129.45303098341398,-68.83223235108636,-5.493493923938914,-9.327548816823679,-2.7417354986697573,-20.004846864862973,-1.0864015927622637,0.4798154698141088
3490294938187716864,0.8313890352608637,0.7737872681073733,0.9019105341049131,0.8486989406333784,0.7825703297268056,0.9301471638439613,-61.82071404484178,-67.6497935944958,-56.983699005228246,21.76274114296087,20.003341762081885,23.89970929749568,-0.46012259342571094,0.1640532362870434,-0.9871672442824033
3490295311850583168,1.196232961731487,1.012555678676809,1.5351785643726124,1.2508386327673313,1.011612263376827,1.5507125037510248,-44.241274758627455,-55.06376340865273,-35.77318920205361,9.595811449011833,7.679503417298613,12.117385971055265,-2.693222902452053,0.5969994273741089,-0.9352760966921766
3490296617519698560,1.1218266103029912,0.9856673419853222,1.325537332611692,1.113867340033675,0.9693298024751362,1.327841018818359,-78.27956697919966,-94.06747259164402,-68.01795826097938,48.996338969556916,42.59592915008821,58.788157794216886,-2.547985604176151,1.58923148453592,-0.9967579007754035
3490297205930652416,2.1390321516719224,1.0301645933790666,4.198726166543288,2.082105618705859,1.2225479020145833,3.421313972935273,-17.59786249478873,-34.23215014044769,-8.182465637164642,34.925906576488664,20.06043224237453,57.37957246506498,-10.900889121719139,17.325462971093174,-0.7462918157001968
3490297235995008896,5.683887994063445,3.1146460450109865,10.542728564783733,2.972567005947708,2.216181737822646,3.7967995293572705,-61.74453944242373,-79.22773254893767,-46.04660678770336,-53.679574847327586,-68.89382492472001,-39.7047235212695,-14.601398135801148,-12.41734814846483,0.964825545738318
3490297339074223616,2.0522700792061306,1.3928247347799676,3.505462218045571,2.195634755660831,1.5012002833231157,3.100578596988807,-67.35735700750774,-94.75991499087894,-45.34936423977667,-8.248810623322363,-12.188195430403573,-5.6395798156236,-18.80784236505907,-2.2043116556707125,0.8145521511454547
3490297412090193536,1.6392636956284847,1.4411302751107886,1.9281941820712611,1.541162005257657,1.3368840702808353,1.7567006591815433,34.209720176179204,29.47210725785607,38.734198646699056,-53.44507314086985,-60.772344523520154,-46.24130241208559,0.9283602578045135,-1.4605210221560296,-0.9813714531008182
3490298133644704512,1.3662158522030334,1.2317439364255647,1.5481041329909773,1.4040845428071007,1.2604289253966263,1.607969254716469,-26.767637196259592,-30.81295344404538,-23.82408989106092,21.101880687680847,18.831551847147654,24.32496653584191,-0.6434616268597844,0.5101235313654657,-0.9758444050981667
3490298339803133440,2.2439467059043228,1.1024136619604383,5.001823289525097,2.75898472301023,1.2584002747368033,5.989096472568729,-27.162465057382715,-61.820573954984106,-11.27575669885619,-6.487932733576429,-16.435779107672314,-2.447745042019268,-46.75537242915992,-9.289631610731753,0.5106996048350924
3490298717759354496,1.6057760975257729,0.7861411935963014,3.891140346034541,2.3149059009781823,1.018625338825269,4.72750380056414,-56.54817829836064,-116.28368185338901,-24.324894500591466,5.4641123274777454,-0.020858352325709758,17.234711771120548,-70.25245245866614,10.789950390228055,-0.5204090978331732
3490299473673786624,3.2212427012611915,1.46085036403337,6.073294216864824,2.601070925425609,1.6681387311313636,4.296166837235128,-63.278219087444626,-96.88192589634727,-39.08599383997585,-17.142358129098454,-27.93707278680161,-9.54399780869815,-34.10545092428773,-7.447381074141962,0.6213348484433996
3490299748552465920,1.301175581931811,1.2533862137033251,1.3552976414908682,1.28899335307282,1.2413608660070419,1.3484432860727307,-87.03944222138942,-91.08900514807169,-83.7716739312087,-39.133073245825756,-40.876753186783496,-37.72999201986238,-0.19961098879913466,-0.08590290171029825,0.997387245680456
3490300229588804096,0.3497970029188482,0.27444299601376704,0.4731947038999212,0.3657610123298438,0.28481036489969613,0.4879224958903043,-0.1655917810731781,-1.107641648893706,0.6440020689386794,-23.021962431682407,-30.32551763542201,-18.21722387037981,-0.02805131856906259,-0.6044658161223044,0.30746010574490945
3490301599681814528,1.3204911311686862,0.8773069672424058,1.9473882097621984,1.0345178128355164,0.7988795042502305,1.3409270424402293,-9.41743852120314,-12.854258269272608,-6.804377596032838,-62.20737348595942,-79.8496575969022,-47.74643191358741,-0.7852187741032713,-4.823735623054141,0.8562599407923823
3490302493037031552,0.9647162535257492,0.7214040612846243,1.4151492195808109,1.0179401232304093,0.7565914806005516,1.4805502111151028,-60.46647769620574,-87.74613529134514,-44.39502146991705,-2.0787789385232713,-3.1898213802276723,-1.1245998930865846,-7.585397493010906,-0.14909685521789146,0.3896371366219496
3490302737849711744,3.5235221232081213,2.9686782197338637,4.214886203892525,3.362763314761886,2.893405818825568,3.9136768292813984,-105.62647279266767,-123.33728703420583,-90.75714783820696,-18.035284663599562,-20.939767144110505,-15.632433470858711,-10.366994094983752,-1.6581022476003022,0.9844770654142107
3490302978367100416,2.565453353819926,1.1485850692953934,5.447099603503106,2.931337247540165,1.3365068653000955,6.886904356120269,-17.934354029490187,-48.16332449384265,-4.177836562610396,-1.9991276521755956,-10.956110240654727,6.213342576834804,-42.766461808977745,-2.3437768708787825,0.14232220237476487
3490303798705072000,2.7087048613633633,1.5112034055204189,5.807865368755226,2.5626050722613467,1.7262789647575556,3.864491802618122,-84.09749571286488,-125.61746091143567,-56.1568483458396,1.8742805941655227,-0.6780066702892382,5.551246432777843,-32.81728049998588,1.3771429323694242,-0.3998736827120703
3490303833064810496,3.4795437048559563,1.7973196926130541,6.026989692184449,2.2901138985344933,1.541615701794115,3.3083279128370804,-56.73070129491572,-83.0876800102082,-38.11318499009377,-39.50838341312114,-55.63208082048845,-27.02945111736175,-17.232281344728534,-11.218154166990855,0.977657524930434
3490304284036964736,1.2857936604780684,0.637319338114784,2.933274783829991,1.3194003883553211,0.8580657354847239,1.9039926644575609,-87.00821917558831,-125.0095466593959,-56.18579780354188,5.557690010171271,2.337850463739117,9.9895173772291,-16.911200354510104,1.2598995437212577,-0.5793356302067336
3490304455835276160,2.1775354016951853,1.1830267027437176,3.386336322426675,1.8869215317662276,1.2390439983482378,2.6690302121260423,-84.54889786983908,-121.61273618417303,-54.737153340729584,11.37173908390808,7.1197285334321165,17.135587649926578,-21.33268117094663,3.0299680861707574,-0.8707698515070141
3490305177390349184,2.350425409965754,1.177712817204042,5.322416559542447,2.171554673209725,1.2149885958659365,3.434148845877638,-78.06571267185055,-118.98063141051855,-43.76511106680096,-5.011252917018071,-14.970538163428952,3.2077781503852387,-33.039265773680114,-0.7054844745313527,0.17964043333679872
3490305658426683776,1.1848701231839929,0.4764154616435301,3.4934149959257046,1.0135265120232604,0.586390191329477,1.5682104461072526,-86.31256985645281,-133.33193296603628,-49.33204771458817,17.77351264742468,8.94052838468539,30.006349900797076,-18.74391653383301,4.180837139765156,-0.8574255587647172
3490306036384596352,2.540738054711807,1.538475518090236,4.217163044103826,3.3447597028045433,2.0080970008239416,4.996481716162498,-49.810288342032216,-75.6810950836857,-29.299978571481955,-2.6307192659567518,-5.266169814610558,-0.6926989623698827,-34.91938919250663,-1.0546985193839646,0.23348109541255987
3490306551779691520,2.4124372255761344,1.257685604110819,5.308491940948847,2.1257848921504543,1.2252194255373654,3.143210750407836,-79.55112563233382,-116.8206975304508,-45.56856772118722,-3.883966741632457,-10.997404398177968,1.7030956670299655,-29.017699368840244,-0.6951671494829286,0.10176349712258324
3490306753642624128,2.317070443704254,1.010016498225964,4.607124208021198,2.4251641686529606,1.200524393619476,3.8417690851696653,-68.01238512551674,-107.9050220644838,-33.173121833378374,7.248336003508995,1.938441230728951,17.27779585780941,-45.55442795154208,6.812485245347581,-0.6055822197750675
3490307131599775872,0.8975009832970053,0.7077452762677807,1.2962315085301825,0.9015167998190562,0.7017463027223629,1.167725175089631,14.323590820743362,11.324485758152225,18.415215426075214,-3.349411340451458,-4.3751699852441455,-2.6029743691795737,0.89347617547893,-0.14579187580184785,-0.5861410944302945
3490307135895082240,1.3237253554638553,0.6396044934356676,3.116610569734991,1.2321891927076492,0.7450643898853537,1.9681468947289116,-3.0821781962626673,-7.723820757035383,-0.5896511525927769,25.718568586049173,15.293064829109632,42.27609593802165,-1.3856814647633988,7.587753085348894,-0.5607476209858188
3490307853154150912,2.6460840704832616,1.5212562131089766,4.277529907315538,1.59655416559983,1.1727756312369,2.071318483398705,-103.35469528511526,-134.51116725822976,-76.85067910656788,53.83375869622603,39.588897102145445,70.60583874144871,-11.6345720515171,6.100107358486793,-0.987200322130382
3490309124464500608,2.6662068577905895,1.954790507047928,4.040050677373283,2.231672181719472,1.77287024913761,2.886777383066275,32.387575938583296,25.399696160096173,41.37943244978945,-35.46744497740589,-46.10095965558065,-28.10131905783381,4.437476343592452,-4.952902260973421,-0.9655460178083283
3490309330622932992,2.085150267472247,1.457277804915319,3.1120476441058185,2.5410593325130093,1.729656619135686,3.6125798324170497,-65.73874606390292,-95.11622024162945,-44.42174465143042,14.32571730633777,9.940167583062957,21.550550291229573,-22.583137048681866,5.063068215032769,-0.9313867385626569
3490309644157055360,0.4637894614033019,0.4500813571306013,0.47906775223255504,0.465743167431693,0.45125962791717095,0.4794858424964734,-65.66993434786806,-67.70680628942345,-63.652235791656715,-24.8106527842939,-25.570690649847048,-24.087998804738778,-0.029399694338837812,-0.010807057807445038,0.9852227430206933
3490310327055357184,2.5920662469660027,1.678826953993759,4.016994673342677,2.294299914596376,1.705889252499166,3.096023702412198,-90.70026906919858,-122.391098163392,-66.83946855747875,13.097816037360655,9.49391103282726,18.11639404521726,-16.9928573521896,2.524809926946027,-0.9049122382210656
3490310636292994048,2.3643370362736693,1.105654437774385,5.323826879484748,1.6009165363837798,1.0271486811671608,2.4091755646486748,10.51000112251868,5.79380638662519,17.653298419801363,-44.70207501789944,-67.41658523143488,-28.62653731219943,2.851139093602173,-12.631955634841445,-0.686673761768674
3490310808091697920,2.06366848014251,1.728260954705216,2.5581107475350766,2.0557660219375666,1.7549219766148765,2.403129323295524,-105.44298233052442,-123.28742075496402,-89.3542041504473,36.26884881731016,30.83556447172179,42.91283521640797,-8.176199306555276,2.817546562127829,-0.9940485725328982
3490310876811168640,5.665460412110917,3.261851031903543,9.045898096075701,3.9389781454873782,2.7450018339231583,5.4172929075768055,-7.869082078451124,-13.247544993597737,-4.205855292670612,-52.147239788225505,-71.81438529645378,-36.949047483357575,-3.941079392270626,-21.9057666706809,0.5807050845843001
3490311220408571008,0.7734744612250625,0.5738098469021888,1.1366282827597045,0.78799252395152,0.5798738547229361,1.1380130970873337,3.2519906802231024,1.630200899080192,5.26893685705895,-29.287199987000392,-42.404168952029295,-21.672106305174392,0.22188750003589344,-2.8748581414633194,-0.4213036558523542
3490311224705022592,0.22133097254478196,0.217547355208589,0.2250456059754095,0.22110892310878102,0.21768590240209784,0.22439266590293622,9.27864640243778,9.121173380874202,9.432018170838804,-17.590827964171368,-17.84966987257098,-17.320304289764216,0.0004762086186377841,-0.0009348329610384879,-0.8698977175476954
3490311838883824000,3.1351237778804952,2.246206510828682,4.747846621840652,2.5839113984092927,2.0141153660314117,3.2816958006297416,-116.83506510760519,-147.91001512933695,-90.55161442563407,36.231915556524854,28.136452770624174,45.9718192731464,-17.93376447939099,5.646219518999698,-0.9892675434014369
3490312354279917952,1.5135693200966123,0.8189342328948442,2.5377976517697323,1.3147476851639346,0.8757923443321181,1.8723801659476718,13.759747657641874,8.93816212977637,20.609569145455616,-37.768256016577865,-54.15520753107795,-24.92465220026778,2.3357754231454457,-6.557666146549405,-0.8114199901788476
3490314106626603904,6.116616530233787,3.5476155620461025,10.578162146974583,3.186110583037787,2.446052924651587,3.992722359865725,-134.1535745429135,-169.76614336288492,-103.62700113014364,-12.600967599113279,-16.739296748728023,-9.291303792926985,-23.26850601737628,-2.135692746866987,0.7877304979372709
3490314140986352000,2.4134422164702585,1.5546855659577672,3.7125970966797204,2.3901957838784638,1.626384163563252,4.189460061657588,-42.8888971638507,-74.30632582711917,-28.691969833897755,-14.059039212285402,-23.11209975806378,-9.332349204766796,-24.532392111520053,-7.473169085996136,0.9046919419180185
3490314140986948992,2.956868493193843,1.3503422819978803,6.217694825168024,1.6005246159906537,1.0581777110356916,2.4031957044711283,-85.15283273143942,-125.37868636390937,-57.99391472547766,-13.601116377024665,-25.10705920564554,-6.023232316941455,-19.794548367517557,-3.0434613638142167,0.4758140054971598
3490314278425294592,2.172872237299697,1.60907356939865,3.1554966199802412,2.3603579615465757,1.7509196086873258,3.446186260146497,-47.41721161029499,-70.57402283893283,-35.42483252416967,-15.192970770466813,-22.804993596389835,-11.48350239450676,-14.690353788682996,-4.606625551591456,0.9503462441115346
3490314969916933760,2.097731502784187,1.9287925767114866,2.314569471462869,2.0428731822310637,1.9087578239331906,2.219880389528361,-12.083287697472553,-13.188438360359752,-11.107921143044736,-50.76211914232542,-55.12441313365432,-47.28943622017616,-0.14385588352912074,-0.5813982950712804,0.928296322019341
3490315416593043200,1.321040164907416,1.2370676011191282,1.4327828868914525,1.3533330126769947,1.249161453945,1.4647262646087558,-64.97904762764432,-70.23883454937014,-60.012577656248034,-3.041931259086388,-3.4278264257491027,-2.670067419173643,-0.5144079129201965,-0.02148285165448602,0.5661055346082924
3490316000707498624,3.326832866352278,1.6103739697618222,6.788493918540228,1.7608933699574985,1.2298983851446097,2.4956677739856943,-85.25406707332687,-121.62587443368153,-58.76933430448258,48.11059935557432,33.0970696659053,68.682198362061,-18.666585022561968,10.524876115265965,-0.9646313688133652
3490316241226827264,1.936256085469362,1.504273951782808,2.57997872526667,1.8848260593716808,1.5364894248427228,2.3962641820429122,-40.573039953788424,-51.560590610487424,-32.83514518673651,-43.540231468950665,-55.17879983612517,-35.37732952503603,-4.94622791962355,-5.103975817802307,0.9858074232633873
3490316859702121088,0.7766444828298508,0.7517738035514144,0.8081595615896066,0.7816563745250924,0.7529148402594291,0.8158840057200799,-3.367034366308503,-3.6144794478407203,-3.1517464330028147,-32.41869090292908,-33.76122370791474,-31.233198945685793,-0.005293076606856459,-0.04140747803129246,0.7288220734482821
3490316962780533376,3.5035661186752955,1.5505736153285943,7.003790071135184,2.7491522292284785,1.7101876328032513,4.324524180031755,-50.58414451017698,-78.83471034261083,-30.97499798647734,-25.9720798461982,-41.023354794637335,-15.935971099442648,-26.4379199176214,-12.646373886160085,0.7542070535658151
3490318921285686912,2.1267388689175233,0.751836843736576,4.903628398103006,1.2670408903976083,0.8075569760721444,1.925163043459309,-88.57328579380808,-132.1029142262888,-54.756534609731375,-1.4078293559016268,-12.715641994785534,10.17198258582524,-19.57256558194804,-0.05133569006380352,-0.1798118338106382
3490321012934100736,0.4384232277203594,0.37391925849130714,0.5552604764968614,0.4623552815680261,0.38757309890160024,0.5867065188384942,-74.0995065191961,-93.87862720109635,-62.15697517270197,-5.096315056565558,-6.32605745757489,-4.246321817514161,-1.474896578997051,-0.08591381283694817,0.8225395126768287
3490321081653561984,0.45669966375740856,0.33431719417849315,0.660277066534634,0.5318887655019133,0.38473630939956127,0.8219128832736653,-30.24304389991738,-47.30361725407895,-21.68001320067491,-16.491065636955593,-24.454834341758644,-12.343184692796436,-2.470833637919305,-1.1970472077213072,0.9789132152705752
3490321498265528192,1.9776997209297924,1.3664462807930933,3.0607019581018973,2.266766794998695,1.5872600043532814,3.3937362551343466,-63.41870149842952,-95.77873864405441,-45.164704065513654,-0.9971503166419766,-2.721621531042415,0.5171572262661838,-21.839831634393892,-0.05496148044011295,0.07243978592037491
3490322219821246080,1.5189784106370006,1.2922586313042013,1.8830732427644545,1.4669558521931338,1.235560686360056,1.7102872304992043,45.66391789255349,38.74477281584572,53.16758873579645,-53.09439400437408,-61.70332313559106,-44.73437203198692,1.6191344120244715,-1.8835193401044472,-0.990186574582243
3490323147532981888,0.8552850414274761,0.7647074348133085,0.9717226754292406,0.866130861007568,0.7598832968232051,0.9805793877859663,-28.498010170309485,-32.501720772497045,-24.865314039855615,-52.006211109042326,-58.74804367218154,-45.8402326640646,-0.3823769899364137,-0.6558139892686847,0.989226304219791
3490323834727747456,3.138274753861546,1.6569716010787918,5.874531525895264,2.505175030334609,1.6682487435142668,3.679215155373787,-36.686995500703915,-56.088906459580194,-22.663194228710587,45.5035396668855,29.609615876656356,66.7700127287505,-14.467124668563939,16.558639255302094,-0.8461274072164731
3490324174030140800,2.6373765485460368,1.2189765520370248,6.265878496102831,0.7478395842511585,0.6382768512030567,0.9036104517429369,-38.751247212240045,-46.781391650722185,-32.709637784029105,-96.34253121116157,-116.25165771249804,-82.85213754838237,-0.9052325859209749,-2.19441559913015,0.9654948319932878
3490325410980546304,1.4401759608187206,0.775027488978511,2.466795856487789,0.9137697676567358,0.6863516731463257,1.2458825227788488,-36.89967357455733,-50.73253114296556,-27.439010871504145,49.550221626014334,36.78736320930946,66.96740294323696,-3.049535626711754,4.021025917587746,-0.970069790407441
3490325754577929600,0.35187065849341587,0.3359724498805268,0.3708374151165931,0.3509524651812383,0.33323462274454474,0.3699865404660426,-8.122406511764844,-8.672262569945463,-7.576250154703897,-15.665108515093525,-16.512520020484253,-14.845972164827757,-0.009315570702266854,-0.01530456499162912,0.8818214602413629
3490326068112066304,1.5230521387837785,1.2986571284232682,1.8867789567343536,1.590240276668647,1.3389311069293022,1.8956655641892162,-82.81195303739567,-99.38763282078244,-69.35453695387808,-11.335494174797525,-13.344494098501139,-9.647671677690086,-3.6434167377588342,-0.45761129486010976,0.9527461153195611
3490326544851925376,0.9301739462193056,0.7940130982050235,1.1717797731974235,1.0449763584607696,0.8340463321518214,1.394854639530388,-28.71334359048388,-38.76854288598023,-22.63553781052764,-7.743066180748732,-10.230059855485491,-6.28152108219703,-1.910430534909956,-0.45952594346572007,0.9136694395340019
3490326579211671296,2.078259984858802,1.685063139646153,2.7264767691975407,2.0299431189655097,1.605690250525579,2.556889040662978,-98.23796377454163,-124.28151360636424,-77.2239456512383,15.314810331948571,11.942925942124372,19.815218583653074,-13.204808856954406,2.1572584469917073,-0.9830276463359023
3490326613571405952,2.2516907592230506,1.046669960033396,4.231036800512547,1.0630898662307626,0.7755427535922271,1.3727137674344112,-110.15245117956115,-142.63296145585895,-80.56778599304747,-7.26950806979565,-10.103683792911944,-5.1957536488040015,-9.292499667593207,-0.5566124046367722,0.7343338269464715
3490326888449327616,0.9866952252985012,0.7975788237331977,1.2783972698442307,1.0795655528197492,0.8289598472802219,1.4550356909579476,-22.031136787543126,-30.113620152203133,-16.775296783884873,-25.947547756609946,-34.42610150428837,-20.122372930512892,-2.097180206510601,-2.2950978430547755,0.9750187798720865
3490328232775589760,1.0066999431533912,0.9841701094587817,1.0284638191475246,1.003704783937216,0.9811338893540499,1.0228958086798432,-31.02883831380089,-31.66271716490723,-30.33625587042031,-1.5467982258280188,-1.6228881701896927,-1.4688754646356161,-0.01286085822089098,-0.0003812261672562291,0.2691249454061514
3490329156192164992,2.770924273388422,1.7487141341702648,4.7142881441919275,1.4294935240893305,1.1989788513492525,1.68278959292798,-137.4263326099607,-162.14543370303053,-114.60393122213507,-41.57148421053043,-48.88918047494469,-34.79945801093035,-5.685978369773315,-1.6753318830376063,0.9826976845150095
3490330358782986496,0.5247943404949813,0.4267782568979075,0.6671793546320636,0.5815256208418669,0.46306146150598876,0.8152716757629005,-22.056462150354676,-31.72693732680198,-17.324755346660364,-9.045288186513867,-12.146516609715592,-7.1645767197254635,-1.1077814700175863,-0.4027651026391971,0.9358696251297293
3490330942898508544,1.0060372791718293,0.7258644120578889,1.51640041729092,1.001856099564438,0.7735798797288721,1.4895804550905043,1.2402484642773763,0.0446659924958438,2.5007181440091952,2.87901043751603,1.7728742970001565,4.591081466484791,-0.004170054709083146,0.373186845148322,0.1205442437718968
3490331733172541440,3.2413143455302524,2.2647037385638655,4.769577957454856,2.2638508616088098,1.895107881907864,2.741355553067761,-88.54185894108073,-107.54009108958624,-73.52514498736062,-55.320128474748,-66.81711331954203,-45.79609906458478,-7.328696751214494,-4.462561237026641,0.99059603590575
3490331767532253824,1.2329420607776025,1.1237174691742544,1.3790213409788747,1.2310122362776976,1.1153911642982235,1.3807414148460015,-18.553915994870078,-20.91059868025832,-16.657262039015674,-15.803067424279334,-17.68772092931673,-14.313782788177189,-0.25406557204881774,-0.20034756173954782,0.947511875522652
3490332733901696256,3.9940327375302376,1.7228346369571357,6.862739541410438,3.508262552887933,1.8964758467268534,5.55249407479516,-61.653996844603256,-100.34043895121577,-32.54546205535286,18.429594371503995,8.176719838830872,35.92632438840662,-55.575697459964765,17.403679553526246,-0.5934410215593736
3490332905700010624,0.6223683774766873,0.6105951200594774,0.6339269817707872,0.6220902067218748,0.611297472037623,0.6335753577122195,7.340299553649551,7.19640574188006,7.489375345295571,-44.5603899463611,-45.345716163051975,-43.76034124914712,0.0013465125208530057,-0.008630777970048019,-0.8297649610662143
3490333451159540480,2.547569065150815,1.9777460152945447,3.443695423598535,2.550952441162912,2.0609786902604634,3.2834446534943433,-65.68613726855438,-84.78320236834945,-52.918036251078675,-2.547593765113203,-3.7712492646046445,-1.5766534119872195,-10.267227362357639,-0.2851988343271872,0.3674537336857624
3490333489815565312,1.8103683796173156,1.238172565261802,2.6989620516478308,1.9018669706205629,1.3480705024015773,2.826835630563316,-7.016852198852123,-11.822940981252007,-4.228042245918363,-35.14726070096828,-51.21548382162711,-25.177875525210187,-2.1045880378232087,-8.871572888109661,0.7178826802333965
3490334997347716608,2.7922591205845073,1.5533633058463312,4.96554078736842,3.0678149147626144,1.9033769770574447,4.95044845426605,-64.5498191390933,-102.4584860680314,-39.46389480426188,-1.508586503311522,-5.694300519580237,1.739079005451743,-39.780704875562456,-0.4537191655435624,0.11562306420179476
3490335512744303232,0.8768981062796507,0.7109189311324722,1.1326565948357639,0.8388280416334053,0.701681388013249,1.0363067308815883,-78.03273937611525,-97.12470417014016,-64.90267857075814,35.111247982496764,29.432487613869167,43.915086378409875,-2.6983222654421635,1.2160891044371651,-0.990490692447181
3490335615823052288,0.4980902521717311,0.47335999843990334,0.5275021799328701,0.5033076399192968,0.4751370860553663,0.5310661829960519,-24.231349667824635,-25.786446409751967,-22.913741694960674,21.398483143229313,20.262954521497583,22.765853143796054,-0.04248359387395302,0.03730842971744166,-0.9668539026481721
3490337063228390656,4.451466089541347,3.5462000302559193,5.763834303199154,3.750432426759685,3.1087691665003536,4.616882588612181,-75.38269594042768,-92.09735839281228,-62.23372013114643,-57.58329396006549,-70.72238558487057,-48.002164750557924,-11.038112187271093,-8.322950914939758,0.9926533742517982
3490337441185514368,1.680452604711956,1.613685643054573,1.7537884300757947,1.6696521341835024,1.6063996377823344,1.7386913231365377,-80.99360739627645,-84.43488901277738,-77.86462117129793,-3.9508332416765173,-4.150787630474915,-3.771972414442793,-0.22712195980802105,-0.009626347317283243,0.742351666098374
3490338089724188544,0.585957513157813,0.4484902563084761,0.8253605995598201,0.6151875909061475,0.46626469088130773,0.815706798861417,-46.37018914841178,-62.495369774775384,-35.04015954292781,-29.962141704334087,-39.91023347715788,-22.65508876720743,-2.594928628085329,-1.5997185707774084,0.9789113810425318
3490338192803422080,4.7853797700371965,2.609147132615018,8.095773071328189,2.862701922127216,2.1760769509605455,3.693927793096632,-112.63801786703671,-145.3308483266972,-85.70012858788238,8.004529109763745,4.897594633130519,11.40512743493594,-22.036837220982083,1.6774345363322054,-0.6742253441809506
3490338261522919424,1.8970937155235714,1.432823740678486,2.715557727526108,1.934787194154521,1.4938799180384739,2.605213970784422,-71.79216213523989,-96.47718197802924,-55.05324511060422,-4.411868292337355,-6.322097147297074,-2.9117088136190055,-12.191917147007207,-0.6576259696066844,0.6242065376364814
3490338265819201536,2.7800242612601274,1.5052701464170124,6.5491080621350966,2.47263086178544,1.6565998452922877,3.6480089442812953,-68.49402567227318,-101.62687579578136,-45.35345362443786,-23.00255889772152,-34.27646311736085,-15.109158153332189,-25.32623878505698,-8.201133545525655,0.8717721468989026
3490338536400842624,0.5035476982417073,0.43808693872517174,0.5932890143339682,0.5212343099195124,0.45393246649139485,0.601444123445771,-5.830402574519949,-7.136859677134003,-4.661384082595699,12.101644324920436,10.320965456128883,14.074832674793479,-0.07035367013481733,0.12328327643650966,-0.7237114426220337
3490338712494683648,3.7444416268086824,1.9487744938303386,7.064123297438499,1.8934324474658235,1.403005810274832,2.5268774849613806,-109.27530535335917,-147.8023905282422,-80.75919279717958,14.629337072075554,8.946367798057578,21.471672293035958,-17.699332750951964,2.5280984298481077,-0.6904295244375708
3490339257955342080,0.27701635781810174,0.26552888198017965,0.2926264019059727,0.27800761638309013,0.26664593935262854,0.29173146953421275,-22.02206419075636,-23.162824709484457,-21.031874646405782,-25.645729618104017,-26.921707865753415,-24.582263838664247,-0.013680079712429023,-0.0147853481515813,0.9600531702034248
3490340018164745472,1.6309635326094065,1.151353129894671,2.5013423642125927,0.9338711661129591,0.8036679611441784,1.1033961061918975,-148.9719264195435,-176.0374603772182,-128.03185868407797,-31.47652992753339,-37.194073336573304,-27.11656867527727,-3.3996949229486884,-0.7016906958435571,0.9730249978940575
3490340597985203840,1.4752624816758808,1.2578862476811126,1.8290788739762855,1.3732989563613258,1.1661203610464095,1.618951695467595,-127.22144569376246,-150.05850831923038,-108.1791553817749,42.4938925667536,35.99224522556347,49.9289575628443,-4.016831044255525,1.3370617727941836,-0.9915841932681942
