r,vra,vdec
348.49056899804,2.37084304836136,-41.1075338212193
341.985489081747,3.98069721046602,-41.9834170452125
227.087574130621,-0.370589808638816,-27.4926511954666
353.786363123365,2.57069705071133,-41.9678774366061
296.629349433615,2.59077805483144,-32.9885832654879
252.082147282768,1.92519924104162,-29.7714730242114
432.711547173621,9.16038390917045,-49.5334308982474
327.52554634607,1.75314519094007,-41.0668297465963
309.033008135744,2.56403167816159,-36.9887491374481
341.934732026983,1.40203226788895,-37.7336349173637
411.693468763297,2.20647227609434,-46.2965803667385
403.643387247976,4.47931203452043,-47.4467439725362
554.133212730376,5.4553623834238,-65.841775026356
318.454474278491,-0.0907652991636656,-37.1888927573811
567.312108069363,5.0513950219992,-66.3001204387358
618.214053601434,1.92345196611272,-73.4490214352093
253.846004628152,1.93177598951826,-29.7305251881338
310.022067790928,1.89476299233491,-35.2101062073876
308.547525291515,2.04592078668591,-35.0594339693005
510.035407197353,7.45291660305303,-62.4584962421009
371.189308152385,0.436096869525298,-42.7980815945326
392.700209563698,6.46285752114683,-47.5732813611393
586.410921359574,0.375633408143117,-69.7368998969653
326.5921554408,2.83303488117858,-38.547452602593
285.491613314707,2.25800812913592,-31.6038479840751
383.889908400851,4.40363857861312,-42.5465658278054
473.877299202343,8.71184959304401,-54.8618104227326
317.652597454323,0.514404043920481,-39.1584970902468
287.43981017587,1.98083094318903,-34.5375839416747
379.962734845216,4.40720127096283,-43.7908330322401
395.762118014724,0.257329951129769,-43.2324083564861
197.323699358597,4.01728518602347,-24.0230903637487
669.059253918478,6.73968614819491,-80.1755587127589
306.132869268438,0.496610834336065,-35.7965457572028
566.893978105024,5.13433271148757,-66.4670898423252
707.14689609539,4.93721734083683,-85.7014181703012
250.658439082037,2.00995795392084,-31.3802735737983
399.772585406522,0.622882964421966,-43.8710319008744
288.657096978789,4.93095036426298,-35.3443525202942
495.893086456381,8.0266907719878,-61.0519374531093
478.875372800924,4.83135642697485,-56.1642186100536
302.26563907309,3.43590790043509,-37.2712107411097
620.53142698868,2.47128019035803,-73.852854112814
324.31511498392,-0.0327734822284493,-35.5180800191237
301.996976111526,1.60474616953976,-32.0226455276818
385.834840587067,5.42558646195387,-43.6468237776373
498.518290312772,6.38403187393928,-58.1729146547635
389.799299305336,1.18225577873339,-46.8701965344018
185.790382324005,1.13101812495353,-23.4337752041942
280.884126544719,3.52229041857861,-33.376303385433
386.231074583867,-0.433799940857951,-41.5783371822539
434.767598935468,4.13294035854408,-51.3330829103464
915.808699414414,6.28023805065354,-107.537781668166
279.883938701241,1.96489292948712,-32.7777600457202
545.517985196213,4.84812137720523,-63.5228183977492
537.609314626955,4.62789694910247,-63.814970012888
404.680600692493,4.59429204667748,-51.1145954944517
400.023533960882,1.94610735540478,-44.8271611663377
202.111548770347,2.0528187907328,-24.2999150032036
409.558925810694,4.06674177020297,-49.2860140292275
391.696258640978,3.79954433309519,-46.3748646678055
442.271562644735,5.07630411839568,-54.9775320916552
641.515189766598,3.32507771676116,-76.9576201929388
394.814391773458,3.28264078041811,-45.4945413669564
327.126279101778,0.172367784834957,-34.8970099654982
466.053030311522,7.43627847198838,-49.5862310353896
419.656696869933,8.09883292052111,-48.3247469061208
548.642044763587,-0.755971152958872,-65.9634591909935
256.491520467035,-0.157107498426043,-29.6465620521317
311.2951114809,1.92758398782439,-35.3229175345118
460.119830681927,1.74084590105235,-53.3739054897465
382.696109830936,2.7947080304219,-44.9506957482096
653.777357936097,6.37727341119974,-75.3822074952237
341.631086622952,1.1675417255837,-38.1674261489085
587.458539164172,2.90273633168963,-66.0360793309603
328.062505795911,7.15198127105921,-41.0824700066639
417.394642513485,5.2284707669017,-50.2767564628178
317.371800448255,1.46036279312809,-35.3081553861771
276.093814624738,1.96452458639034,-32.4753983955863
461.906292946406,6.30957042941154,-57.9842824994094
417.557515701554,5.06197854017835,-53.494018640165
371.311740152327,2.93308425484601,-44.6847243657964
746.109205547044,1.76619600917463,-89.9395528105023
342.406487314656,0.251782873614033,-42.4189299349431
468.493241939089,0.342790024335415,-52.9922570928438
354.091341716026,4.3896187573534,-40.9251334607998
447.565748711492,4.05077672516443,-51.4509022486446
388.582014753651,-0.644102156625504,-46.1946040364954
295.133475083153,0.948140692960612,-35.7740858800441
319.563003688323,2.4813201071004,-36.0954099730914
498.440803558771,4.329098744303,-60.4193090262027
367.596782982282,0.618086780389665,-42.7308075233918
642.222574024942,5.25581114216839,-76.1697046528884
385.093378943762,5.17789637444055,-45.8844027711133
592.826057224684,1.68740197770727,-66.6677975834008
384.317483365718,6.43130053238715,-47.6466688261052
486.084870242372,5.91302489094782,-57.1208809443858
337.807685134314,1.2783048333017,-38.0398071157873
362.288585818986,2.50710897785311,-43.1342343125997
529.607008050573,5.94608217577133,-64.2755235745668
407.156352866273,5.1040517415101,-51.6776157311714
361.659291387748,3.33659133709211,-42.2332110964007
565.808390290493,5.98672473823975,-66.9882397313285
324.502026524062,0.410963568194456,-39.5555022391873
491.467301151082,1.09128550489571,-55.0848832078077
332.23490665466,4.41580869862071,-37.7448308215352
407.153077701971,4.63523877119067,-44.7554559501609
278.93688611113,-2.19725740315496,-32.2357289676326
314.203036432533,0.0523246404896425,-38.6326554281377
412.543169886814,2.7015340899112,-47.9368578232576
545.659341663067,7.02353056602122,-65.7583396734359
360.260750886294,1.99400232547897,-42.5584237792122
515.5913605555,2.70625036554306,-58.4121922016298
376.435355921258,6.40871338609009,-47.8141719822214
611.314862929974,7.15096070993697,-69.1940881280416
527.113086530432,6.43385095025296,-60.5594515320537
592.454879271059,11.8005513881551,-67.3063175897529
282.747556631691,2.75882693618029,-32.0614106484623
314.849831076184,1.46030893622114,-39.0070893821955
472.620353684323,6.71721460257439,-55.4173321528076
340.479188602593,4.80692546278187,-40.4461533103655
304.632397228817,3.25305695365185,-35.7246163271561
794.252333184616,6.70697263996364,-94.7211941358884
372.006768899936,4.96319497395176,-41.233891627567
388.279596951504,2.32509329826732,-45.0059320611792
304.715446200778,4.29023579968936,-34.6970932230788
467.625936580234,2.39637756434898,-51.3334296029701
335.096097911553,-1.21173598101104,-39.0445944808525
314.383842428457,-0.104194700828676,-38.5811983240709
550.731628797815,4.10780375588721,-61.8405518867334
519.350832148546,4.04500742706877,-61.7770799129527
338.981018011295,-1.81574355370803,-41.0793290947592
462.066813537086,-2.99240582156735,-52.7623310122086
398.421226348425,3.28647229612201,-49.4443924258245
425.21134954114,3.35492843538685,-43.9216276376914
544.217281457324,10.8397365426229,-64.7409000413753
439.807522079469,8.84776843223285,-49.3279338473413
313.100499519364,2.45431820846244,-35.2887800654919
344.075070007345,3.2504043914465,-42.6755008395988
446.43019108957,7.26028477156591,-50.3007804914914
274.466004428293,3.32736402962096,-33.275592394461
341.983612324879,5.03413246473038,-39.6114688006414
972.237879358265,7.68253156340312,-114.481423163001
393.509309244794,6.02284499233464,-44.6007543403144
318.458535335163,0.56304575179571,-34.8923370584092
332.201066566566,3.97866143314302,-39.1937977925314
438.142732156165,3.37709989901433,-49.1384852815468
366.306052790616,-1.41630181916516,-42.6221841169608
312.111724066839,2.19329844090793,-36.9480366774863
504.458473521212,2.01040560925683,-56.9134117950629
271.699356115576,3.84405635846985,-34.7021232922284
334.602562936437,-0.230479383062032,-40.71182868086
309.281087158444,-0.65977077604984,-39.5744999739211
499.056704222663,5.61783044650025,-63.9722376191099
381.964324064627,3.77944306381123,-41.8702807903115
646.385881677993,7.13947292077977,-74.4415260900434
401.010504801344,8.07616742793303,-46.4649697649213
356.307637040925,0.936793182334957,-39.7697633062698
272.935946977898,2.76677454817845,-32.6692149940447
445.168112126524,4.85186220585657,-52.8656413333539
284.967451940059,3.17700171754981,-34.4321203768331
361.065804966224,5.49866937714211,-42.1141176589754
509.366752831902,2.86547187539082,-60.2248477984417
348.487138794702,4.43824901034759,-42.5579721025363
347.695548271684,2.33988699780124,-39.2733207343321
381.169888087534,3.68277460424208,-44.1374158626775
434.038040232713,4.27231336138465,-50.1925001615524
560.533519638019,-2.93616686351368,-59.5550900851569
254.5646671961,-2.56836227498458,-30.5976478147415
619.13545889234,2.54793764521211,-69.3728937696646
311.751797692275,-1.21402922428966,-37.6412125778378
349.435341945439,-1.06381511067251,-42.7829265401227
499.331492033139,2.93159124959098,-60.1476545032611
391.051987363644,3.16903596540734,-49.1450362808365
346.260450372018,3.24174067979917,-37.0621278427312
589.843721862679,6.25704238832692,-65.0923774413614
380.201659310886,5.23985267434998,-44.4778214116967
407.221755991455,1.86809359400891,-44.5382686783951
285.959347176227,2.68018420135799,-33.6380253155552
475.872251040686,7.64915269525277,-58.7589447214017
274.579092449314,2.72114815552829,-31.7309572572092
546.147881457897,7.06264660692645,-65.600775040318
735.981794822799,7.33094220922128,-84.9879715594037
335.145066503662,4.95650548613146,-38.3936659344438
264.373641599651,1.57927636012171,-30.0034798285405
540.460491983307,4.62992939446701,-60.9695926701363
677.299604000481,4.57360270598728,-77.8005095639864
581.697995865927,-2.25203250493321,-62.4725431618056
387.188038758136,1.20091430643041,-46.4238966413355
506.956661538417,3.32890591783774,-58.1194890287011
309.993184531751,-0.567110710221581,-37.6483886738421
520.304980497832,3.18401440049009,-59.6387642551674
417.751605557299,4.13654749875468,-46.8547135995211
388.956304864371,3.60177736124543,-47.4691926551947
324.648674636271,2.58345026025093,-36.5570698397464
566.457729719853,4.13041944916066,-62.6165880654917
320.971550967198,9.10694414822127,-38.8970246544097
383.118184857096,3.64649799606445,-44.1518029943199
426.03349266382,3.76993751662778,-48.1365947350486
318.00260900081,2.93177240493462,-40.725764758361
341.131632974119,3.45512361946212,-38.8299788087317
417.645044561667,4.63172140561123,-49.910449286011
816.396855364775,7.57360057196234,-93.0041906991824
486.793656550918,6.03235294238924,-55.1353324366321
278.140271249211,1.2041368534583,-33.9602738677545
499.814650173449,1.38385618298022,-59.7188955563531
850.159629492859,5.55871278066269,-98.6634490193749
540.273695357349,-1.02769959343696,-60.4729790495478
484.043759089655,1.2957929593752,-57.4332150155626
485.054926753969,1.44780720249388,-58.965675440644
494.699257294948,2.20967942228897,-57.200077496355
402.589202209193,0.543920751846294,-48.5964057330019
419.6802615335,3.96355060621269,-47.9909587576953
411.568872979065,3.41559417980536,-51.6427055747388
319.694210707573,1.24784379462919,-37.3240320667392
446.436782287865,3.83701349902564,-51.1930000556303
293.907764100144,1.85677996044557,-35.3391136767924
512.012075824621,1.55287408180676,-56.9454207993994
212.732560480122,1.06852822647368,-24.4841734343785
254.289323426617,2.8181399448288,-31.0357496558869
301.736336450654,2.17396820910001,-35.2817447754262
588.16901776502,4.64247810151966,-68.5446303821432
619.798893013867,5.52285954284584,-69.5847789706978
379.173535673539,3.78285800361607,-44.9259921577912
286.434579022396,1.27223640004604,-35.0186327633566
373.211144257178,0.693023428836735,-44.8855377799624
749.115705782702,5.20708429559356,-87.5347365831204
472.514378242786,-0.304669118356249,-52.8443797175164
535.448916312234,3.41911602319827,-60.3620214832323
394.925920121559,-0.188497439922322,-47.2066396954662
415.58777988944,1.20423397938347,-49.2786359195125
495.364704005023,0.261103838490582,-59.7453465440358
329.246792488057,4.65244728138638,-38.761153370606
360.634497068474,1.94493861858929,-43.7932469704114
218.274592543767,0.0286458049320755,-25.9330455029391
355.503761947036,3.54289523636229,-40.8855030651708
250.607991157129,2.79499463708444,-31.6303292673561
546.593338271299,1.22750093177154,-61.6973128816888
371.288647645281,2.01326339099641,-42.2823528688026
394.143038151603,3.00892713510862,-44.619642202596
216.979089531722,1.59864705290604,-24.9737197901576
689.670680995071,7.91136798039276,-80.1868609438083
496.487753605225,2.93127152203575,-56.2353313623092
480.793819106043,4.03879135361458,-57.9156216698386
385.725887541728,-0.186572523628633,-44.9541162699349
265.373011986358,0.2920543499419,-32.3236105327111
555.349310342987,3.76278789914889,-64.7962859050736
492.428025014608,-1.04375290141379,-55.6733261783532
699.411779996315,-0.109019778371429,-83.0127480190741
488.875039664953,-0.955755952447312,-57.2422726961172
384.550219927172,2.58004159367308,-45.3822161039113
409.375346815907,1.912352047634,-51.1364585751737
324.407815997973,2.70901102349782,-35.7230922150772
320.870545573625,-0.424980505185839,-39.0565849527641
302.393642194556,1.21416573427926,-35.48705656065
562.466291229023,4.9366486667239,-65.4330842526905
407.889797017292,4.4206105642202,-50.7774136574309
547.803561025692,0.124988477683575,-61.5518064335463
236.010088360432,2.08509077711069,-28.3936851394915
364.257907774921,3.11761862922745,-41.4517060287688
225.790921854067,2.03462205216016,-26.6055253066378
645.950765831375,7.69458065841089,-75.1688358986492
366.264826662421,5.16871818566408,-41.5909769826932
294.833303390157,2.05846107745585,-36.1776486224226
535.868037581282,1.52838254850389,-60.2927202596877
242.957166748443,0.370320139003119,-29.225520666692
411.811087462006,5.18453119573521,-45.4436010151728
457.797789173896,-1.08131926036597,-53.9085780514905
421.754522446279,-0.0223132332139648,-50.6861214550762
346.41607897543,3.38359573808476,-41.8074927990427
339.935765108939,3.59726027868699,-39.6923798076804
373.272145012941,1.14703644084818,-44.8863242881631
375.668158821902,2.19706950087172,-41.9504945599404
366.647906730415,-0.962930766209934,-42.2807221663049
287.656102744054,0.107816266792808,-34.0187588523986
444.587845669776,3.27028283449465,-51.5980061033057
309.104520830523,2.53657796314669,-37.3313985147581
423.394042708408,1.44392607363716,-48.3642814720856
262.827894981398,4.8980391810853,-31.5638507191536
446.246533362655,6.81574298596834,-50.0784019615817
290.729629686738,2.40713686100272,-33.9237274911685
659.123952274752,8.68545378269885,-76.2619071388095
489.268708645695,7.24588389815559,-54.5903338098406
284.5156042334,1.11485952390631,-35.3720260572045
412.350395289466,1.7097966489843,-45.8766223117051
221.05256914509,0.60924268957693,-27.2879324506076
370.161147173877,3.5885352323091,-41.1020867905393
333.081902657139,0.126300854294067,-39.1787159499464
549.21234665294,-0.0563241091059497,-65.4195586290671
325.890656860108,4.08777713336447,-40.23327597526
373.726950621246,0.397975781375134,-43.3361220545665
344.349267018239,1.55970437691093,-42.138214086053
395.349733389329,2.29943906418478,-43.2948327631253
359.760899372032,1.50334672710582,-41.6810942889122
399.034680853085,0.722467456352446,-46.9696507491716
362.816898685298,2.78074780299641,-42.0081475614947
312.923876246677,4.94538309014843,-38.9203744509811
466.83666150894,-2.06025096068452,-56.2125914897628
340.334123442538,5.50470144571404,-39.0300116780794
528.048218094846,3.02930288875947,-60.7008207111329
238.316393684199,1.00477010691138,-28.3884584950702
528.883411604531,6.52269862938938,-62.5107887670775
481.874432360969,4.86050933056764,-54.7372422000773
345.608441476696,2.30444393214513,-42.8261856907381
584.546356916407,1.681816740811,-65.2749086070625
188.040504965339,-1.83549586310711,-22.7832333307039
320.314851940314,4.16234177112343,-33.3881950690952
181.523846783252,-0.489141996357879,-22.8915229014698
436.167133943642,1.59287202483842,-52.3567195872658
373.82894640839,3.07470823920371,-45.1708934457451
540.059312450692,2.14206067660329,-59.6802012483708
373.172909419859,1.99569021341068,-47.2480332810459
366.125996602011,1.707595782998,-39.4997303347295
419.031402903094,-2.42553363299068,-46.0980401306501
269.895121983902,0.294155025283032,-34.4366294344825
329.216049575739,2.87163808350097,-39.8053834866588
330.437181859249,3.07323576164276,-42.0828032972512
390.890734084233,2.37761866143393,-46.8703628058724
287.219687517118,4.86110580497662,-35.1621747149068
478.301604755261,-0.644589154034929,-56.3984489188151
234.249148128174,0.404656541481089,-28.5736081362932
614.013608363715,10.3273565097767,-75.0789241421229
434.55018874122,2.49294883808661,-52.9720826899175
382.459438916917,0.442339673436175,-48.925105184564
570.377172980027,1.99144242425371,-62.6212429927873
294.613750413766,-1.44572131210422,-33.7328944707633
336.936341409963,4.05459028713742,-35.6746561373823
263.064910244391,1.06773787885655,-32.5724574669235
525.584395658802,-1.53644789981375,-62.0537278417183
306.184146254142,3.39683880518684,-39.105281838861
418.158035013206,1.24578193116339,-49.9213909171617
494.873506350361,2.95835864837386,-62.9424130480748
408.10932398485,3.10927931923335,-45.4324069609057
409.206262961196,0.732259414598762,-45.4378337503822
304.510804949786,1.25939799627637,-38.9846343595074
271.921541138276,4.18625989604167,-31.3314951840228
265.412755248374,3.93654870399909,-32.6282241962807
416.370420035132,3.89172182963607,-50.140288175951
523.074838513919,6.16132588083339,-58.2882138315202
589.848963401427,-2.89159444152168,-67.2544625245179
326.766816804792,0.605828949886026,-41.34086094265
743.792038300147,15.7616187753223,-91.787448865032
417.416983751941,6.97659269113274,-50.9981105711071
391.190990596265,-1.15502187289939,-50.2938410294385
564.662878711999,2.12314198177555,-63.0327769771043
391.52241549963,1.56577195200482,-46.2506913795366
360.966414582082,0.445706799447009,-43.1141183594744
233.558520862331,0.647550741594054,-28.8956015537326
538.210435880027,0.518020223593452,-63.454005103294
326.695535821964,2.17263122636412,-39.9270937158983
511.424788009795,4.47015808931609,-65.205134300748
544.723602380932,0.827667040385945,-67.7483620735051
282.53971910263,5.32589753306991,-30.6138109489873
558.743745801589,4.81621119340286,-65.4144239256289
360.245984341684,4.62387672381565,-41.5356814946454
332.355616540921,2.52863184688547,-38.7588428342448
310.7242629225,2.93023887765269,-39.1363363908394
546.346390495803,5.57194384782856,-65.978635833803
495.411080237404,6.97754799467034,-58.4985288417176
632.92768838092,-0.957558217765173,-71.8736467771806
440.203969568348,2.73265024629317,-53.8648994131346
450.544199043089,5.62607929373932,-53.7094521992551
388.03997777915,3.80747198611619,-44.4657830703508
508.037461061425,1.28999534075478,-61.0824617834365
495.587500960798,2.74013957818235,-58.7538589900236
418.213070716091,3.09644605201392,-49.2278706198629
327.277610792818,1.65569915367274,-36.3333417609595
325.913670815432,2.13538372230226,-40.0047681694661
802.313291325855,-1.96965621995328,-90.1313907858541
260.039557047479,2.00354809821459,-31.5509598503173
450.405476344986,4.36594557300915,-53.6616372519227
393.857810168944,2.25118270467966,-47.3007685854105
302.754435524892,3.71227013464562,-33.3965582004872
655.436943410848,3.18559944051154,-71.1004452696429
366.209805591473,5.65048804490291,-41.1107680379905
248.324589253783,3.12424549059137,-29.6903008394161
292.673495673878,0.522686735732555,-35.9219785563884
359.543784050463,3.3953454946821,-44.2495548950007
694.890649407411,11.4505443889522,-80.925330673808
468.109060173329,2.68352037235003,-54.1740551583226
477.30952597097,2.91669143917624,-59.3126335998538
481.861179825129,6.73405494425282,-58.578697345015
457.484745300743,2.26646147740037,-52.8039736518212
477.089973531432,1.91185078238453,-56.2834341966131
461.958708168516,5.1731897619708,-53.8696401727526
276.131661617923,3.81074786926699,-34.2922893280397
407.719500986223,1.15043433003055,-46.1586030566601
365.583882614387,1.83337812602185,-45.5583408442827
446.702107983575,2.13520106269307,-51.6599793556833
249.700911855049,4.10203148398155,-29.1290331576439
523.368725706553,4.85465223770145,-60.8975970219459
426.482439409075,6.46802150428866,-47.9293581965628
279.564890688386,3.75614740577083,-32.4512533341117
704.599764598514,1.41083101741587,-79.5849388724436
345.486066369501,5.44042848727673,-38.9390159627483
351.08888904518,4.51088712675923,-43.6355073706683
255.111837520622,3.63725975331685,-31.1415617117536
394.958694869893,5.49282978589162,-47.1046896538361
536.024492945218,5.81765641805117,-63.9724072032232
394.682609041194,2.74945388813897,-45.0556014210488
460.044407185313,5.10773440283131,-56.3469387539672
517.102376971384,8.23765316501802,-63.3326527500485
465.230820809701,2.51565355560427,-51.5308896858034
355.33500742371,1.28795878922742,-42.9379063770745
473.29455306095,5.01236202261823,-53.5170178660279
332.144656084664,3.8046200387083,-39.4777378324773
360.868549785138,2.20986348191134,-42.5479729095623
438.131030451338,2.82380377238477,-52.2114518193521
403.604867855598,0.440624369887717,-49.5876277833783
273.971443570728,4.40942683131164,-31.0772750276394
645.133130868271,8.06135824130842,-75.1263848632324
491.700897605587,6.99047099895636,-55.9784407215833
274.931987575809,3.35743404557947,-31.6494934509443
510.76420893829,2.50683102467088,-58.0969693232382
344.625641385744,5.0306061032938,-40.0106725250434
394.169166126609,6.55896245543304,-45.8907591770937
395.956314504598,3.59521251197694,-46.4862389525865
311.444104223328,1.65290209841267,-36.4242669292126
495.801720503391,4.81745773729174,-58.9181342002316
404.981761920543,2.05567230841214,-44.9632079249817
667.776067472478,12.0442935753701,-76.6283044610058
432.246665345013,5.24082444282735,-51.7895268406487
341.690324082904,1.35503009438574,-40.9139904321518
282.290819187223,-0.692481306597692,-34.1085965538416
324.856165305875,5.40703060044189,-36.864532662354
290.870631568076,1.74618434982593,-36.2701530891902
361.069759980905,2.95243954087073,-44.1423519372782
412.502584108137,1.28301169175787,-48.9897202889051
394.084991294499,-0.785189024396253,-49.6456481459428
278.158087972054,3.59319856582156,-32.346483022629
509.953945331321,6.22463680457632,-57.0661535894609
663.53896923848,8.47716590022978,-78.5359203821423
193.279955922693,1.2249220854598,-21.6998419811814
445.643737055228,-0.156188173237367,-49.9606992150922
397.215488898555,6.14101397780771,-46.6300036135934
367.269797122827,6.10240245578861,-42.0014018656238
517.400991396151,1.4625201732878,-62.2338972654672
306.086889329372,1.52199219948333,-37.5813362131683
504.303239180235,5.74289876378741,-62.7629851891073
483.224855383268,4.66818540349974,-52.8054884639652
501.087328885782,7.41860558871402,-58.7190879233916
452.323645909262,5.35268725323106,-54.323976910813
212.351787627013,-0.104939292030765,-25.0871203719115
316.590274657171,0.551772561205193,-34.0816210813406
320.827572496809,6.27941842610444,-38.1479701611039
257.897882132922,2.78657988305443,-29.6443679655954
425.597081676315,3.22762209025758,-51.452278914086
590.139893962638,4.97926701902986,-70.3215889332691
319.426765344876,2.09357430846943,-37.0902023413368
321.217621770395,4.36652838276443,-37.0700648304656
476.625111904465,6.34522185554511,-53.9472615086426
430.217976624818,5.10177585453793,-50.1124274383565
334.725535585261,2.76973032447541,-39.7705278441664
276.007077188182,2.96456422458777,-31.5762469717269
426.403966340969,5.48506696741679,-51.520386507722
298.754729058842,2.425200007173,-33.6648130922311
409.93407935731,1.93766718368655,-48.9083695842196
295.676625038058,1.70911918796726,-35.8081871493885
473.790831290816,5.27365060587573,-56.2919305817542
490.068545628883,3.31129469254342,-50.1841707415881
500.734362618351,5.69751905445243,-59.0247823501834
487.508945286717,8.14779983378795,-55.6636911574705
393.306444244725,1.66062139189845,-47.2809347650717
410.834780392648,-0.84843137758789,-46.5809981783285
298.939099347838,4.46778593506968,-34.8491799446608
328.258441079972,5.99045761865649,-36.84962321219
257.356980298395,5.71665784108439,-30.5893910666897
689.415263007082,1.41028797661223,-83.9168313801732
249.916126293618,0.72485230028988,-28.0142146681119
332.786380911619,3.93381199835077,-38.3696019831177
485.646660636545,6.53573056292515,-54.4160890119932
377.602034798531,3.40994184776535,-45.302069004012
362.380663803856,2.84148790342479,-44.3770080908378
263.732576889448,1.22332361295719,-30.0451412884011
669.695910971261,7.65192686931672,-82.0684889733357
397.330548920768,1.57532540687254,-45.2651523066962
416.647642425692,1.86339512423787,-50.7843193309814
264.514994891547,0.910838765910707,-31.9947785067201
468.40984803304,2.14703249674613,-56.2793047153582
475.46407521288,3.14663655540304,-53.2863308147929
483.10053160222,7.91147374877472,-53.7179326637025
447.093853661143,8.4143803890693,-50.2734230261182
286.429821475666,1.77433367898322,-36.0986930701696
385.678032399289,0.00408181840463451,-44.1109849461246
269.307373421914,3.89159115213525,-29.9983801801852
457.967345399226,3.55370177621423,-55.6327172198087
356.969760395604,4.29947575190367,-42.5302241991627
418.52917645644,1.65470462610716,-51.1927802293164
263.924890326441,1.46008236262491,-30.2067763733891
337.594446424722,1.88926359134433,-38.6310095828267
617.588479457191,7.24157521434155,-67.688408793375
315.411760244323,1.25105059019567,-38.1342452230367
376.361473045452,2.87006136820732,-48.2785971009535
248.998306431439,0.111548307026657,-27.5139184024989
386.91420355871,3.45372177458754,-46.6706637951858
256.034095009002,-0.364160766782134,-29.9437914305845
457.454857519029,2.32378959371918,-55.6780770137545
291.997856647667,1.98692986378975,-33.9952853072808
420.294562134194,3.33322732314569,-50.1841503421141
524.43653906684,3.18485381636539,-58.0627851038711
460.63833558893,7.23962926019789,-51.1123601058239
326.970982915211,3.52774300296201,-39.2157302126541
368.685548548447,4.26207914783805,-46.8494992562313
358.958552374701,-0.681521714807484,-40.6578144125484
215.732053469498,4.63568279881966,-25.1512940041568
455.356706762,4.07275296774531,-57.1274766496574
331.278769520212,7.0193472075245,-38.086369409638
482.879692817232,4.91423150059883,-58.2842750788539
251.246015107879,0.854282235694823,-28.8333069629003
285.885996599591,1.86990794933021,-31.8404035740284
585.097388160165,7.77403880009757,-64.0680056734153
197.651648706067,0.522934275681157,-22.7958755276906
458.01159509126,5.23509043148677,-53.8016919847143
331.579545903569,0.312204988022553,-37.6095921884871
325.915744946057,3.70324879988734,-39.5869658654792
348.843790626494,1.59499258107249,-41.7413791928492
492.400178994032,2.87353371751256,-58.9496581463239
260.33075795602,1.82388126933209,-31.5199994306496
328.342980655783,2.63595801131833,-39.78405875114
415.262614537629,3.81095883962521,-48.9783536164481
398.056281524407,6.5706872021805,-45.7011688658626
269.52269055446,2.67224517987177,-32.2368969652335
364.029221887188,4.38811570854069,-44.8485127318837
443.543828047366,0.183474746148828,-50.8677682771625
227.559192727967,2.47672644634283,-26.636876814302
394.049161331664,3.33845337280852,-48.6214793434715
351.16977160801,9.17443414569091,-39.8182625417076
537.455829151927,1.08111616230753,-69.4195330662707
242.030711620095,0.749691764260942,-27.122938181292
224.27550189611,1.02106935988408,-25.3270645597109
479.663791086562,6.14822104077864,-55.1009660160838
188.334049419237,1.02226079777333,-21.0789902759499
433.904689527491,5.04371875023757,-50.1601645147716
249.866691417983,-0.26781350015624,-28.7619636070596
309.384534037477,3.39595059796282,-36.8633003405125
477.393818381414,2.89260953722918,-57.6560176106649
407.754103971864,2.98226548674931,-48.7251661485163
220.588976084285,0.790275790636844,-26.3444980921444
357.560745360822,0.859844333160761,-44.8647507440121
329.667899935477,1.90737661232049,-38.1689486752805
354.778793068909,4.94409022972173,-41.1326825835646
230.168265384236,1.6822286534805,-25.4156713357172
424.568222736573,7.27541122630189,-52.6173252066647
456.086874012901,0.011827921726228,-52.2716568819515
236.744196038654,2.19457077675739,-28.517683896984
428.019843953882,4.12099193174293,-52.6320436058697
345.121758080599,5.76776749808681,-40.6497221593819
367.33502703841,1.99395189068748,-44.2470683393881
377.01884374704,4.84529073087345,-43.9747589463635
237.937309539187,1.46364621702781,-27.2171529550112
686.134414079231,7.26563680928792,-81.9857263408109
286.761803208692,2.14875316484768,-32.9138356108688
303.018478221682,2.2578046226293,-33.69379534604
290.20810434068,0.452850691039665,-35.5001277840483
356.126468986893,3.13351062331314,-42.3083958762614
466.970031728624,3.5659818662472,-55.5808216666595
447.632901578401,2.27695451615855,-54.0262520089581
375.59991642877,2.83720719495736,-45.03958906151
317.840228368272,1.35628619467655,-39.1525210761875
314.301117780691,2.21424392473549,-36.5717107904401
314.590547551243,3.26352080922466,-35.7918418047214
281.521881371134,3.04742032953114,-32.5457567533849
401.192313235524,6.94904885019713,-48.3760737444423
567.579515041718,2.66495165456851,-65.5826034530234
339.333532827398,2.53601177103855,-39.4525494976065
362.527727152563,4.00752475041025,-44.1886815484681
360.742558251974,5.80999739337641,-43.0639903114735
332.297066705722,2.80252740431162,-39.6029243670595
425.766293679334,3.69336404001555,-49.8491439579101
269.05242339643,1.5916200896775,-31.5689636820233
325.654380661369,2.51271455764347,-38.7517681804981
247.043655401065,1.58667629149596,-29.813088882274
395.303579486662,3.97287744603846,-43.3571621233492
266.547375455583,0.635623083439054,-31.6576495838176
344.444898006399,3.67090765581485,-40.1804574623343
335.376899902008,1.07618226551641,-38.99124797812
428.828012486527,2.97219324104011,-51.4980176849013
375.961172140962,2.33533580159076,-46.213496754288
317.063888603264,2.13066063832846,-38.8369193344106
251.644292911064,2.02344966781842,-28.2095842353947
329.833541777976,2.3033819029943,-37.9917698118689
241.973544007709,3.30469668157405,-28.1204349818759
329.537307668971,5.31490493895733,-39.6165034118239
401.46935135129,2.68707322266876,-47.3112347987114
327.463804811898,3.01467361079353,-38.4204230179193
395.328039451346,3.13469738795569,-46.1959944794949
323.605855055757,4.58480715578344,-39.4153218523315
314.345931412372,1.28386539942299,-37.5724913305979
398.687360348174,3.43328952944056,-46.784520501546
338.871662851321,1.80049344366717,-39.571784742162
288.390604414927,3.43874534386571,-32.7642620181326
296.641962399106,1.41768876420304,-35.8458771804803
565.38424331113,7.06672634409444,-61.8951505330548
295.32794973001,3.95140332423419,-36.5048756356211
334.239079687209,4.43351160685984,-40.6063283002146
288.966580761759,-0.211714075606354,-33.5170689337475
530.219326347478,-1.57893763135563,-63.4299521203837
371.612211282748,2.54518230886252,-46.0266890100138
413.366070748851,1.51538275767325,-51.371910601138
296.634387897805,0.466603244362388,-34.5191197855272
341.50107873396,7.59629028298454,-40.1974811877076
294.436241492134,4.33685415297347,-35.4291304449216
226.526862448411,3.31391822166234,-26.3121845710149
394.793973208643,2.56177487159387,-46.2610304833022
332.976842675795,5.75311699108785,-37.9104990481193
371.24728508404,3.44890568092066,-43.6764813282812
343.045742369633,4.68846884830867,-41.1729308938573
311.510431624582,1.20758728468009,-36.5432363438341
404.302555205615,3.73494502935786,-47.814719384577
396.828069366627,-0.853487771256491,-45.5657527799367
282.449903616839,4.0156743708876,-31.9362543703354
414.660950218355,-1.20477782405447,-48.9114565598777
426.706599426432,4.47671482755841,-47.7927557150406
300.359276509284,3.28429194205148,-36.109125572292
337.017353881327,4.48679321320829,-41.0184693719531
239.933169507727,-0.0516033509591942,-27.5223851476315
384.522394970413,0.0293296722497138,-46.5233367611755
351.676986636788,2.13765973280573,-45.3318574211221
439.15293380274,3.70563675312686,-53.1319634164221
368.475813871409,1.68308374070912,-42.6388179946203
295.379913242004,3.47988541793358,-34.3611964916147
274.137240951654,2.81215098416462,-33.690895927798
243.222463582967,3.0080194109331,-27.2986467810458
425.852004691995,1.34614719253133,-46.4967776135369
371.772594000994,2.13667492552318,-43.0007933605005
397.010308200165,4.81483278888214,-42.9553883139238
335.492243407667,4.35185126036758,-38.7506347292228
378.74089175899,5.49447461479544,-46.4003980822772
598.449649452666,14.1199241132734,-72.2809296461173
479.156788458157,-0.246617240739484,-55.4584063841281
266.32348937619,2.84046560691711,-30.598423009023
446.749119954057,-2.19767233116362,-48.71394670913
470.127822528776,4.2280008437844,-53.1863164307928
294.482556059475,4.12447655505977,-35.3240214504481
327.814355571712,4.6918489607961,-40.3770104490383
244.670903844516,0.651560352944514,-28.6278605730692
468.812095000394,6.0275697427787,-56.4694577677449
386.194068628626,3.69371359962873,-48.8484751780586
505.90342993096,3.51751509276784,-61.4627738724375
353.519341093474,-0.108883515490577,-41.9427099388034
258.070319460878,3.30476309572206,-30.0862727803449
270.705384344287,2.6528542158008,-33.3010255423215
263.008917382066,3.17228286788597,-31.1730331204726
342.83757111008,3.73376570240494,-39.1682697996767
475.025183449434,3.9315416866523,-54.6178351882827
383.756650841777,3.2341668758896,-43.6429368003222
435.70042475577,6.57096464994492,-47.8686027988473
361.48398126932,5.13854585796204,-43.9461481425325
510.332366909912,8.39743958331576,-62.4576673808605
464.174602224222,-0.999160956704754,-53.9949250789914
255.677007531169,1.49421767167332,-29.5865110387269
442.922117613821,1.47757236106777,-50.1385709878661
603.230235770912,-0.183955710328616,-67.0137157789259
391.614665194662,4.78609965755289,-48.2095753481112
243.875426740433,3.82614665857525,-29.5654882403211
393.281699325452,4.22632149549745,-48.9206518428749
607.962844406967,8.13646773424009,-73.8165967640581
397.665100956021,4.76404335909295,-49.064954557491
656.101682967671,7.88833799590779,-78.7636350844846
464.518531237158,1.2210732824237,-55.0007074911129
255.022965993422,3.46398133990335,-28.9347264000814
364.821777216811,3.72804419363132,-42.0838205105813
260.770513136411,2.93194621086192,-30.3589216786354
311.072956144209,1.83806531624674,-34.7122914338043
495.582407831961,4.42034870984535,-55.1806489673461
423.226217083377,3.30307411019323,-47.0198533704231
460.03612731044,6.89298660751491,-50.580673169238
327.853582770048,4.19598631744589,-39.6531117890729
404.539429048554,0.980662718130415,-45.4393865508859
243.343668653652,1.18955896189488,-29.0779449158863
290.124155438663,2.13279205136107,-33.1373092709269
365.544512768499,3.11919391456755,-41.6331005513598
651.746463489761,-0.285337946364508,-72.6038736769115
296.232341521274,4.26753044702877,-36.8170987596547
259.821796538322,3.64511481095899,-30.5490681068296
513.624372703054,5.06893182197105,-62.0506446772641
500.968592490653,5.89364880015349,-60.7212674565736
383.159604604983,4.43512434022326,-46.4827678210439
512.248476189799,6.1428560296922,-61.2216243056698
333.242361902844,1.4835018208136,-43.0710097841994
391.696865093845,6.42520070922762,-43.2406943663717
364.932402933635,4.21559442027055,-43.3136326048392
232.864086623065,1.87459938223209,-27.6150908732524
393.370756483249,0.26982447337473,-42.3793328634332
419.92384274411,8.46293337054479,-44.7964457198546
443.095830803321,-0.77043973206345,-49.0099563159633
429.66177659373,6.91619875470341,-47.6884041568426
335.184865600112,3.23414563573034,-39.8336477946779
421.91549839864,-0.471274945642584,-46.222124504545
361.751597734881,4.94361925436942,-40.8585907169311
334.503608376242,2.86147549415295,-37.3839555324715
345.806074647703,3.48271286876488,-38.8709825882591
566.827326377255,3.04037119073132,-66.753222143636
346.10310910095,4.44280564317529,-43.062410648019
304.895628675441,3.32397206543187,-35.6141496538671
471.01726829004,4.64197928847501,-53.2791995069736
457.873999762195,4.85918984619449,-55.6644617770589
369.143482511465,4.9721667648157,-43.5117412052257
559.088455880883,5.68837980644786,-69.3128415997067
419.836748012914,2.90783986452155,-50.9754689549417
363.162677119306,4.63764307479642,-41.51088725108
343.108037060022,3.51620211283948,-39.9443932704271
305.549993702984,2.60588997195717,-35.1607991886104
341.783094963843,-0.577253876037091,-37.658297017952
412.723088828623,8.14123494169462,-44.2216349668088
376.581676308908,0.696585597406149,-43.4098732674462
560.264171560808,6.4356173433492,-64.3774345657631
337.118327164842,2.40732214204564,-38.3489397398767
381.94805941338,3.87828311962988,-44.6069893687904
367.603487678367,5.51204583825275,-42.7989638312732
346.077164269487,1.97687734517595,-36.8588803331181
301.814991901414,2.62953430131191,-33.4613451453724
627.715129306423,2.34339533484489,-74.3717433586017
451.09217429212,7.56813704431566,-53.072623680534
277.561529893872,2.77774899740206,-33.660532743981
703.772618372851,7.34615718479992,-81.9972198971646
283.177399593689,5.22390275105474,-35.1014785679161
415.102186940943,8.57677127989423,-51.6530336078816
497.294071981194,3.88996858506469,-62.2744547103206
363.730299061964,5.1100723576545,-43.8898353439498
296.166012581683,5.09573726248088,-34.828695721294
305.905529892369,1.45536464331458,-37.3052980440712
291.417828728107,4.02146663185458,-35.0388310092431
367.541311387807,0.285747991713798,-41.2389697203551
400.209238062046,7.18039302219094,-42.7635876455071
336.05181930907,1.29505614903668,-37.598567099705
540.177102342862,-3.92362517367702,-63.2950497706449
332.695619332711,6.36957261661531,-39.5004102559562
395.875093903531,2.13978275537722,-48.7909851933575
385.332320442821,7.0650226699974,-45.357205906084
288.965301505458,3.04074959193652,-33.3994962222216
239.896309920131,3.37060426483366,-26.939466436367
805.793790899025,4.11290585928767,-95.2312662919649
566.233047399908,6.12662503943914,-69.4067779880798
285.71095452556,2.97135950488372,-33.2562665963942
445.867994376198,4.33193923022985,-51.7374030061048
227.479122824484,4.25297173676346,-28.9714484061133
349.482678074925,4.98539776339134,-43.2988837435608
415.578577109625,3.52301290464954,-51.0413904827703
351.324006521486,7.38855143200713,-40.5478240187958
285.064632628103,5.14668740002695,-33.1110584587056
356.614509682267,2.8893764702746,-43.1182212075396
227.52377627498,0.53856947737749,-27.8731082100471
389.791782288402,1.33062375293645,-44.5540312310173
399.606831012026,6.9250962382404,-43.0733722205732
520.756738870933,2.59273532699755,-60.9756482069563
426.744507309197,1.95218028433578,-50.9456466554312
379.728323402405,5.69299179144436,-45.39136599128
325.271594012872,0.213884738051247,-38.0484942245232
370.300861715868,10.0199776946535,-45.4106953274829
268.278895829473,0.183737158476569,-30.5094133127361
204.27052374165,3.74112400379161,-22.3913854772505
561.312237719359,4.93067471430849,-66.0951569798541
589.109855286481,6.70820939839369,-72.3682242993452
281.496628440172,2.56774890679135,-32.48436496732
475.783605677272,4.54711943910519,-57.5828382380752
342.801091043612,6.34132421909778,-41.8242407633765
410.874625418383,6.51759261155734,-50.2698707018723
363.685580044515,3.66489011191232,-43.0916254199507
340.794886276933,5.18610152870221,-40.6062170397893
249.814984252421,3.26691220565974,-27.7478290914969
294.620628623159,1.61592634413434,-35.4624178828927
279.557065736795,1.84255337033221,-34.4370296367184
329.912590577434,1.78440349812816,-36.2862943322612
408.32853850308,6.14506397403915,-46.0594091960005
503.933238755008,2.98737674393807,-59.4769979661538
379.174888561196,-0.0273526238594934,-45.2389868750092
346.224822244574,3.61380661914905,-41.5168508650835
306.870614386634,-0.268317666465019,-35.422029402161
428.390297438906,8.42843934489952,-50.2358590646815
394.151131484201,0.356002854856233,-44.1917555656355
291.999600091702,4.4510322997541,-33.9090914985534
781.63651731079,0.939372251365419,-87.7456647866324
429.602831958832,5.92339712239289,-52.8245373637802
283.881123904319,2.54661018036953,-32.53030896214
327.591745492733,3.98768031366756,-39.536415396729
451.951639356364,4.52510719784135,-52.477731531624
459.898925243691,9.11073697660422,-56.6714224310382
311.384037910871,1.23830242138692,-35.8898881303088
324.337510092113,2.96972315157346,-37.6249283847949
289.302810322922,5.7218151604186,-32.5320148698195
355.505279098905,0.469203460695973,-44.8078268510447
290.230227737404,2.42890016925867,-32.6866637035932
291.067244879464,3.55291608790003,-34.0966700169203
320.262593506748,4.56340520768535,-36.3791464796302
459.119481874313,1.46109568903673,-54.9898596308122
446.407812848607,1.73637473130391,-54.135416070024
271.529575757936,1.55138788491802,-32.5377303919796
315.977388354512,1.48101238446772,-36.7503740586412
413.782165578822,4.39867969890934,-48.2490588434873
384.665369433233,-0.0334927275981825,-44.024302372598
314.760249844602,4.15841492754433,-37.1011941991564
520.084575166,2.90049304161648,-58.939330573068
474.802860464494,9.38787430688974,-58.9856804690677
242.550888752468,1.42382867975788,-28.3226181502085
260.663654972736,3.85307087350257,-31.3596130978404
641.556507103623,6.77901593943184,-74.7517531422253
446.627795549102,5.50349498557353,-53.3068835672281
296.504080248248,0.0828734441127805,-34.1211263102788
338.658695505205,3.75296105808281,-38.933450605331
304.504159279976,5.47873999934502,-34.3386624972164
317.46866268532,0.405100213854684,-38.2984424279096
248.963385944989,-0.360171433898136,-28.740460261558
262.268216305794,2.5660765484644,-30.5184974552445
279.940236309253,5.22644099161875,-30.967227331607
510.972650363721,3.63481315818922,-60.5367726477636
401.171973121315,2.27844095242338,-50.5321982762158
373.407299569244,2.31677350573102,-45.0528197651022
224.967675287035,0.787994686714233,-26.7941083226781
281.794232536464,1.26586696735495,-33.4708938341447
400.634207628062,0.777395260571222,-45.2666307934253
322.098368352814,4.23390417858676,-37.9547770066211
493.640519407654,3.74845827271316,-52.1083268939375
479.900325525321,10.8657572315614,-61.4758966383684
176.519060854289,0.823857596019597,-19.8344961764772
389.199141494992,6.4271971120517,-46.8997653525417
606.148322912811,6.98054455653863,-70.6307705977721
466.017492088603,4.06873499325767,-52.9018872129171
555.623870620603,8.26851297185291,-64.9377322229963
318.380884674947,2.0998302528476,-36.2778896983946
314.610825853863,2.98173466353324,-36.2631408295203
247.903997200046,2.17645567561342,-29.9661521800101
386.154487088825,2.5565674993958,-46.8012267843735
267.285974535551,3.24948344656351,-31.5340009006654
346.872400221863,4.29671546748281,-39.6953039995412
357.977059704426,3.72280187615142,-42.0858232461661
426.442355806301,1.45931513694761,-54.6971984803261
380.502334942093,1.83918678446279,-44.1547885825212
263.210241038834,2.52427924382669,-30.5680645932675
271.950313387634,-0.858620145356935,-33.2062825671409
431.982906960755,-2.66093431174621,-50.3727015365551
333.539573076043,5.00322657506043,-39.386550484806
430.078281917857,5.67512262603419,-46.868531231251
395.586716793574,4.54207763166257,-47.6126816247321
263.563759696866,1.90170510541794,-29.5010378563026
237.996951851691,4.4305529968551,-28.391806569115
641.455620565613,7.83823414850278,-74.779028606002
338.282587189895,4.0913050176413,-39.0158725052915
677.686344576405,11.3403194749391,-80.0608663954627
250.568988095697,0.719255098119943,-28.0976056080641
297.713564676562,1.72927115875553,-34.529974570752
270.849505376588,1.45204747528717,-31.3863666665887
356.957433037731,1.73601784929374,-42.6654288279742
195.71819538124,1.95385716875412,-23.960582717455
317.464243490188,4.55179790615102,-37.197434267392
396.187227280459,3.7506810820843,-46.6811136224484
523.36485317635,4.5941405364909,-65.2585966960774
383.738571156062,0.73881872623057,-45.1082794382081
295.657861572203,3.75592632059648,-34.6352971366766
249.34406203456,0.405424190614736,-30.1421858009754
342.240883191212,-0.993733440560491,-39.8585570249624
343.880433593276,5.8997529574892,-40.8625845654888
394.948549748932,4.78967594439184,-44.3531113255009
415.037319862629,6.22027690877156,-47.8928036620618
340.459283306101,0.673125287156245,-39.4211576756547
344.920880759456,4.2491892053264,-39.4188541602896
643.198346584358,7.53321765019995,-73.8381697559523
314.212474158544,1.97254317942657,-35.0359839686543
527.868813791579,7.59709252970044,-62.0945001188333
290.806366139017,2.89152069556721,-33.2372909003194
261.445214278931,2.74617054771476,-32.8899355252428
341.487582822241,2.37121830657552,-42.0562637804749
537.605314201473,3.04069084512468,-63.6889839121782
363.315049721376,5.66250406766538,-43.5464377427078
323.333157893429,4.64702491141497,-38.7745960362099
373.367213128144,-0.150714652903154,-42.2127267360177
496.636589585483,5.04471369580451,-60.074925630258
532.051703897977,-0.617567403165825,-61.0642166147137
344.470174406046,5.10049238810589,-40.2827900513334
286.504325614333,1.77173329002665,-34.7457608386193
347.227908473991,-1.39322859056475,-40.4757079330172
364.410407223203,6.23121031538526,-45.0706753342791
397.15044072524,3.4425241122954,-45.4157151900918
379.096376688785,3.95352972127821,-44.188277120443
356.631804868286,1.38059268957693,-42.2196999615853
332.490670104204,5.85229612355637,-36.4739771041959
596.813121352328,6.85296665301527,-66.6803564174816
358.115278342535,1.53940447919403,-39.7179447174252
567.513029389907,4.64557085653581,-67.3502786672443
433.803126189863,2.45266714159289,-54.3063364396098
316.808517123954,3.16261331793926,-38.6346125888209
283.234407697211,1.53728407342888,-35.7727108659101
571.68454549233,1.84194452762144,-69.88803015001
301.856697762169,5.551431095746,-35.1624881287666
289.623301670602,2.52401046317884,-35.4383549232322
483.956481000062,3.59990207813921,-52.3904026570635
482.327995419286,6.00510918113866,-59.3598835611987
376.419190950666,-0.0794067469627922,-45.2357482739158
324.354438597545,6.1792674912714,-38.8592170435552
350.791702484675,2.44168231937743,-42.309610589145
460.063283249899,-0.0659981673141012,-52.8353429258566
441.612150174434,5.35710521167643,-53.6501615379114
487.417487903442,5.24849278742674,-61.6218207781251
418.877404829981,5.39028545304411,-48.8484043693089
216.102885858799,1.3649091300425,-26.3087862304488
346.576249652527,4.79657260313321,-38.3492142299896
390.313031879517,5.4525033139521,-43.3246290250735
425.624957183667,3.94470624232927,-50.0129239862787
530.819342103954,4.64275720065096,-65.3163284233187
362.776090610586,1.70706807742045,-44.1558401888955
281.405989527957,4.92110186970553,-33.3732494281228
424.424700809252,4.38036748100504,-54.2764415802451
500.445266304997,-0.221906280394538,-61.9877844216548
260.877384870615,3.17081219171058,-29.8173463551311
384.716236730959,3.9407977955177,-47.6486092246411
454.765233895793,2.99031354216997,-49.2311413890941
400.016183861218,4.8295439196971,-47.5645174225572
288.770350860003,0.616423221817866,-33.8553994903972
286.583143207201,5.90379393233186,-35.8965679353379
276.395717863622,2.77049016387583,-32.8278337349077
471.741517471551,1.98770791998569,-54.2700510459181
430.253204173917,4.14564402014776,-52.5453009128146
876.533240903041,7.1874504748868,-108.269856677441
531.76148267109,8.41032184098421,-61.0564194019877
185.142033011044,1.17148622634294,-21.9531565880764
346.576249652527,4.79657260313321,-38.3492142299896
371.179169690725,4.25420101252313,-42.1106966806199
381.365137338572,3.13176561627258,-43.9794462109059
487.873622667136,5.03021458331638,-60.1526054585603
342.090136311398,1.12996452823652,-37.8264092175134
212.29568761221,4.6747911525651,-24.6282033198384
493.049938091568,5.04200747279963,-58.420475173204
371.158081837773,1.07402784937732,-45.1433994768543
299.887142148318,2.90907117008891,-35.7381062043486
355.437227461173,2.68350858889133,-43.68640547202
570.000568814466,5.22847816505166,-61.8108634623886
431.062639809928,5.57376775720497,-51.6589354880586
373.246626983778,1.96573300447204,-43.8889464249838
304.19052051797,4.16703067113008,-37.2877317000226
283.878481631679,2.7822300506398,-33.5967628019814
370.715675122778,0.790336403637877,-42.0910972932382
485.327166548727,5.36414155300657,-59.2306962324032
437.830624238958,4.73850642522442,-52.5419051574877
449.131887685326,6.44474275021137,-49.5879656872361
245.611135769827,2.12294804719845,-29.3295575722472
331.140330542897,3.46083380533028,-37.7646738041313
370.238394569729,1.97699341171634,-42.144389364628
584.254183513316,6.70437854720104,-63.9698616963934
591.271978272869,6.56624205424849,-73.6180637055522
462.530998914959,2.59300105074573,-49.080822562886
321.652597452403,4.6931085013772,-38.5747121174173
452.487366588852,4.86761366030235,-52.8977415986745
290.16098158502,0.525125289260782,-37.029819095457
315.054186859583,2.3488114325584,-37.5058389657916
292.165725269534,1.8845151058543,-36.0864893429536
488.776837588241,4.51524412424754,-55.8976841555266
439.854914787713,5.81424101168153,-52.8282580911159
375.044275659643,2.07982293994259,-44.0350459011881
269.922472947825,3.65194397284261,-31.7207380363278
300.973262162976,4.02599080689258,-36.1640534161622
419.32386878103,2.50693772806529,-47.2485669511095
432.861075284045,4.72194479909064,-53.3952390084486
425.072436827719,4.72385338260165,-51.6113314212972
513.117345932216,6.49518815487745,-56.0776634799452
209.180942753269,0.979736424669983,-24.9877271903819
302.559263023916,2.15454757160884,-35.7103266962082
229.929451595168,0.284714857794359,-28.460310813683
545.703923629645,6.49093099254892,-62.5966939616378
565.922376608101,6.63810842010227,-69.9437008395142
556.082930939673,6.06962522953899,-62.5662250001133
260.958341292793,4.27707491587318,-31.8479565557921
397.434715427799,3.69397023071648,-49.0100345382125
428.521994264212,3.72792992211041,-52.3838976553655
326.296790904563,2.94623627424065,-37.6769928542353
334.143267861409,2.58862672457011,-39.4006528461036
524.145379947441,5.52528484091429,-60.0363033939774
397.672777965855,5.01471055536497,-48.0590268280925
267.167354642972,0.0766770627143778,-32.1290767506156
175.810781320605,2.2799226903585,-21.2910016058394
295.049721291284,3.70761167725684,-35.4646450792126
467.468509006269,2.72613247797763,-52.2963471392929
334.134620732856,5.04687582430477,-43.0216634231902
332.956139320045,3.10685202608544,-41.4367348013749
529.401592861856,6.87394285695399,-59.2841046049466
291.195516501995,3.75158060197381,-33.0110093800504
296.714255397347,1.24595638375508,-35.452165852664
281.340732029375,1.16079686294293,-33.8990441388255
553.109390540675,6.91501015182105,-64.4863049743529
484.679822274126,4.43657409082078,-58.7168895652183
478.633490201662,5.33261887940613,-55.0562825767989
307.294434736954,3.55204622837436,-34.9432065529461
579.569490681369,5.64387509613719,-72.9686030584079
336.657664422,4.17312314717787,-42.5095019131846
189.291453281472,-0.902633790035362,-22.0601935310133
261.73083340703,0.713956392513142,-31.8688555306086
481.838725513801,5.49877573448262,-54.2673662591597
471.736384790832,8.15339550832765,-54.1872151047896
299.928502655028,-0.687378153079363,-36.6836625145612
207.37029916562,1.86646131077803,-26.186004671327
349.490114888707,4.69018977861208,-41.4947391465005
527.648472713666,2.30128097291488,-61.2545803061325
339.557940578696,4.691404879032,-43.116433830925
365.460839146402,3.43604937440392,-44.7693353693261
479.766564716186,5.86125541447255,-54.6989103373002
295.929461248734,3.40917455944426,-34.1637957821866
370.063428246978,2.70110974662763,-43.6386221627709
284.723648288391,1.31611373807491,-34.2180476915145
747.987856325092,8.09777647042305,-87.7240340068443
441.190741932209,4.02534792662385,-53.0888272664633
555.182133157635,4.2089849821371,-64.9524423334328
317.762478861921,2.94393115878113,-34.5413900988201
571.474104129923,6.22151352853351,-71.7427227552862
360.765461855332,6.46721315935232,-46.4593484625743
365.485461276379,2.13359409142463,-42.7498494688177
284.464616128065,2.07833422304603,-32.7613291788703
471.931343347322,4.99616658761443,-51.7101028868649
321.381060536697,4.52367874125245,-35.8913377058592
355.895940752206,-0.559571588081183,-44.5541861196707
426.636585586354,3.12497567610028,-50.5751635263074
412.022761338328,6.41580700843943,-47.1588331398669
588.124626494828,3.17188657242164,-66.2988752624316
267.419194016786,2.84493327124915,-34.3872823349505
480.160607298827,6.13327682545009,-57.8702877880782
460.298292270189,5.55409141615669,-53.1619999490567
349.822741851169,4.07774108116257,-38.8287802980645
292.928395837026,0.882837369564596,-33.8821447807877
173.392212665253,0.922148775701523,-20.655637920566
950.690741497137,10.1663808774097,-111.228850999158
495.473722676664,7.82385850126163,-59.0963602818395
368.082184548085,-0.44540689839635,-44.588651584047
595.955403340981,10.4599814813003,-69.6044875858064
521.900990597518,6.03684659413517,-64.764765534428
525.876597147727,10.0663697149097,-62.6114353953927
395.153252162141,-2.32795295040969,-44.754755409795
446.9315882843,2.57597587593797,-53.5508646501343
469.639282346238,3.92536395422746,-48.9041435075349
278.364454278326,6.18510205454523,-31.3704679900917
381.143648571734,2.37775552797173,-45.6382282194221
477.299139861708,3.18589961356896,-59.687748569536
360.67413108594,0.0169859804012367,-41.1018033588344
411.322458404719,3.75417629194828,-48.468348518674
293.085690151012,1.08050475717651,-36.2665794590236
405.283370858115,3.82337346145264,-48.418120568551
434.877261249429,3.33874101016774,-50.7231292110569
401.652752356067,6.73649279825825,-45.7081353180072
203.060246271234,-0.365339281402004,-24.6018688151805
407.767551058456,6.03892982228926,-49.4349520120064
841.44632091851,8.9098520892242,-98.3506304929084
537.966268157374,9.78484443209403,-64.5801460654135
407.197982939722,-1.505619557462,-48.7149333827746
492.100918511826,4.93021006844413,-58.3834776315359
630.175518997471,10.544715847598,-78.0912799905563
514.724368063512,9.35829534729751,-63.8365900429801
382.48896344332,-0.155107198010359,-44.4081922943785
543.543197074689,3.19345764700527,-65.8193977993214
481.802116114852,4.88810502599883,-49.6714316156059
359.787820668233,4.11284186237503,-41.2608931711965
332.347173523327,0.583213971241865,-39.4846811711801
418.272297676144,1.21374130063409,-51.224563247582
604.009840929268,4.12113078402244,-69.9868461752049
367.593446596936,3.17116403224529,-41.5706143404573
290.169345109217,1.25749104566963,-35.8050487177818
281.585263157145,0.958611468398007,-31.0812627653757
245.332228045472,1.58499245191035,-28.108345011106
388.879468905134,3.19195980445458,-44.5692178697835
348.596620675686,1.79969644672243,-40.882437104753
310.301661887927,5.71490711613346,-38.0945379043103
777.778501486667,7.70466632440797,-94.2764857088598
572.846597891487,12.919417631678,-69.8029453675834
349.899165626972,-1.78980296586138,-40.5563645607022
550.328197052232,5.93546622674191,-65.5736252296804
433.441883997246,5.28737382034842,-51.183454939316
396.06762658248,6.20067859317888,-49.6151449386772
408.463773522282,4.6239099339626,-52.5637696164852
508.518899964499,4.47712412330028,-62.6535343353859
489.111335320971,6.16211983365269,-54.0058308271108
449.084856479045,1.69460963605626,-52.5181260422132
427.929106020838,1.81339785122433,-52.4615061944667
425.329184574314,-1.09902907729456,-51.6933671279985
524.126352117878,4.46457936836375,-62.3080006119029
479.718108473755,7.7282639054461,-54.8636877189888
298.35413160774,3.28460311450182,-36.2956543551793
280.863813396754,3.48999438657268,-29.4661206800248
428.326981038403,3.60200714189546,-50.4126156143007
341.866299955763,3.5407281976322,-37.9004533008518
466.245593760777,4.0704015004842,-54.733549427164
338.118267180812,5.26502713975763,-40.4795581330533
699.74606955766,7.14191910094208,-84.5401059110219
468.947413199477,6.70989277997653,-56.5274219094688
355.234516229378,1.90016915017408,-40.3945929056335
603.67428273585,7.49911088881242,-71.8140557717434
403.744806146888,8.25460519579372,-46.8367626670956
479.463925605384,5.68640071610719,-57.5400350785033
533.458196161306,6.75471463278162,-68.9671554886782
647.003930239416,6.62604745194395,-78.3001854527441
528.027333301165,3.89820977683511,-59.1624329699809
471.872989404338,3.35111344111161,-56.0851926284679
459.146933428545,0.520327285971432,-54.4970521467229
436.293293705184,2.26487959466392,-52.5637235078061
489.252464583144,3.22719172473549,-56.8061992289137
541.567281416073,7.48664333171926,-63.2965841850242
245.859585369942,3.65442266102326,-31.4089468747485
236.737677308063,2.37392417302308,-25.8650857976249
422.692622715776,3.05675454821838,-48.9783201638328
304.920281714435,0.854011256283949,-36.9361347797726
427.567913626075,2.67132680073331,-47.7739183484246
297.711373031112,4.37608244373843,-34.4874812374154
841.823461585909,11.3417868019641,-101.940197516019
557.040092880509,7.36581229418228,-66.8989664128328
337.926569983304,1.51706734298793,-38.1793069736071
572.4426230452,8.39585392979049,-68.7240707427939
335.513087323688,4.92348501209337,-38.7592680329597
494.087419413056,6.33551613792721,-62.1198806437747
394.013637939629,0.0413892164985352,-48.7900959510814
344.943761060233,1.07239900718809,-39.8115761955319
594.369756699746,5.34367283693432,-71.9243579522189
641.39749479535,7.33269325695812,-78.3252105930848
476.332688156717,3.90633774438233,-57.9829096039273
365.912142723668,0.439521786583693,-45.4713118351779
467.138978527493,1.66291462122147,-50.6777081146735
405.169081242326,5.13550377091796,-45.7377301888919
377.758059830668,5.20293102607949,-46.3210191938165
233.871726379812,3.67101797882706,-24.8905463638854
421.315835766751,0.62975691231904,-50.6280118895787
328.523962168937,-0.00392772421956522,-40.8938566566703
421.057110984325,1.75581499996464,-47.6008725823208
242.244325784084,-0.377781590413384,-27.6532438302714
814.76920480901,7.23553549329234,-98.6031809742383
448.105512500771,9.16233402325422,-57.302410454763
655.009449469174,10.0482163666149,-77.0845365633362
360.725399955507,9.98327252352403,-42.1969910446474
351.205009974933,3.13796280005809,-41.9651351268256
469.697525361306,7.08730780014852,-57.9208059805012
282.933942040912,2.91710944249225,-31.9979870896643
384.518177749965,0.945764781893031,-45.6090150804676
468.628326132532,3.20108954937075,-57.3104779791857
533.384406607295,4.09673892554972,-64.5911225621924
437.99250767206,1.64479337883674,-53.4796175859697
391.516961660694,-1.62538441730559,-48.6235624757129
387.339224391486,2.42980560824595,-43.4483373508442
396.735037510181,5.55886052819216,-45.3309771935954
389.100786732156,2.0252083719893,-47.8909413012877
302.529083641002,2.94412633614522,-35.5274528431096
423.868903342214,-0.299966744630077,-51.0754274487664
332.294394417556,-0.434160248184463,-41.176064633189
409.127238905703,1.32148507686785,-46.6151350984079
307.063375060063,2.03863605267773,-36.0292539989612
530.737019485267,3.5554837749811,-62.2229141132704
364.306492532463,7.17011180284606,-46.7201448085666
470.378247847207,5.17830256565693,-53.9057400371778
397.198097465889,2.35206839729379,-44.7715088190315
304.219365139725,3.48987051186326,-37.1503648008795
438.615167040618,6.52228154809872,-53.7007871756994
251.726840144307,0.476122681511593,-28.1616069992298
325.497123183592,1.3168138438356,-37.6087420875897
533.582273037804,8.70609171671431,-63.4066073465657
487.093932860003,3.98956429401704,-58.3461179382241
483.670255394039,2.86667018500827,-58.0397270204222
375.092921574852,0.562807159790045,-44.6835603188262
377.284238465246,2.21979609585781,-41.7836769723616
554.268962028843,4.19315747930223,-62.0315118464584
578.454131195148,-0.185134393947846,-72.2476597310212
222.948165257788,2.93449419451241,-27.3087455169971
371.575433165293,-0.633055734826345,-44.046704174583
357.469361552182,-0.550738090294379,-43.1813111476313
634.961503158411,5.01683737419124,-72.7573209547462
314.566949371445,1.84114266338161,-35.8612334414348
494.636202006752,2.88180536113284,-59.9950172649501
458.186999542143,3.23627776069276,-55.2026953714461
705.937667779077,10.2276957193065,-79.0317081498121
389.41883627071,1.981873963354,-44.312983137398
285.60504996156,4.10978572600287,-33.1871242250047
437.464227560664,4.1393096409127,-52.8015175583801
247.479833734242,1.11654137393267,-27.7681219398839
322.618718785765,-0.365563108150101,-38.6771634434227
490.277821996937,6.75025568022705,-59.0866872269849
367.691721961218,4.12940333926225,-47.5970605428436
454.133557293455,5.525137666032,-55.8169727198039
315.13626167741,-0.663702792263644,-37.6039431527326
368.839338404282,2.49329956165641,-41.7207099446374
587.807316533466,1.68334888523717,-67.0335083048612
439.468036735485,1.50159839879198,-56.1852436515741
323.767879954416,4.97834478544129,-38.8973114528953
315.549912284553,0.160052002325706,-35.5199904451317
277.481382870287,-1.42661834932137,-34.9892795725937
611.69049432062,-0.767695838396166,-73.0131450802537
309.684975364793,2.65181993640445,-35.3783540794272
489.260983030662,2.50054457644093,-58.7780309041128
416.305869383847,3.89207617342947,-46.544651008922
334.225823308904,3.10648609713324,-38.8757062059693
422.648403432224,2.81250811258741,-47.7475316765985
295.592543782615,1.46221011275565,-34.3597264836941
407.611845913632,6.15009229371176,-51.7135852343786
264.376984842076,0.960433512377379,-30.9817828217919
405.416051281374,3.21415025855627,-49.2518592888765
427.049070224309,6.67273514150887,-49.5682230185008
359.306384953331,2.80115301961932,-45.1613445616489
440.74565281837,4.57011421409318,-53.8058673786426
211.783848905276,-0.132243070536559,-24.8626651466486
515.723592475089,3.05610797815735,-59.0144229730314
619.782715086427,-1.54662729313385,-71.9551862939465
382.20693521521,1.65434241908409,-48.3379080781078
346.632892975834,4.16452556710906,-41.7502441271879
354.064786133645,0.425643465167847,-40.8035242323003
332.663197962802,-0.05237442043396,-40.547556712949
541.581957951539,1.30080724492808,-64.1984099900571
288.45757403917,2.53273861845163,-33.3574525020897
628.077787362898,1.96400187627067,-76.8847659004185
587.420345812244,4.93523832730608,-64.5101830722437
354.018643389199,1.8626137917122,-41.2892329270557
558.435117861766,5.33998232277034,-63.560659836521
338.409473390459,2.51741354741876,-38.5796468969652
357.924569716933,3.02185349935582,-44.802156122894
424.38605980983,2.24133436506618,-49.2989514601288
361.200667210438,2.22005391377098,-45.0839982896331
309.024515636599,2.33878761449302,-36.2903344222118
312.034939927399,4.03388729221359,-38.9096766810179
493.324913593046,5.12403015509281,-60.6026510937111
266.153283956491,0.490679683047845,-30.7408810388079
410.227598134208,3.90956142840422,-46.4709274081295
657.670662082689,-0.814803655102173,-75.7377302496784
409.413930203187,1.94493218008783,-49.6305615444105
359.29028768529,5.94473157603174,-40.4941707526285
409.225194350857,0.846211520903971,-46.6382289289497
333.605588624724,1.13900102121597,-40.7706438905767
391.075218292172,1.04694317368966,-47.4343278061734
245.273627146242,1.0626284977612,-28.3169047610987
483.312079935795,1.6665734738731,-60.2369564659473
726.66331532281,2.91080344858251,-80.9434916739606
298.569857503763,0.621593433188078,-33.9739587068793
471.859973003831,5.28350344163882,-55.7939685590513
420.447885049843,3.47677637622673,-49.2936406826649
309.716834935405,1.62063975519997,-37.6089882657321
415.420936580651,1.39353848590697,-48.6661772820181
342.618546105095,2.38999337782889,-43.1949836012115
279.200538853577,1.00754672597067,-34.1540541828739
348.580699541076,2.43436947376959,-42.8791554604793
483.172790125617,3.36444742408,-59.1949325337925
263.141052046792,1.91820560113225,-32.1218181732055
367.722411993034,1.32497087149505,-42.7278930581826
611.135112859204,3.13008816109458,-71.7529000814054
345.210596431122,2.26117075548413,-41.3604624814338
312.552002717644,4.29112530384423,-35.8076530136164
264.234202940514,0.641708388422697,-32.0313402019602
348.538742902738,1.11977196785301,-43.5920700291845
282.781210490942,-0.166460976296327,-35.3523061079969
332.581058447663,1.52846562093924,-39.6557882951964
492.314318973096,1.33898493516928,-61.7180742665018
700.710158658059,2.68234634954257,-78.1969804084549
310.094708314441,1.07005725959683,-36.0916822759062
456.163236084512,4.94307546909091,-54.7113866529438
493.292464196735,6.27594853906795,-55.1494905573809
332.950695089017,1.59086318864044,-40.6429472657385
472.367332754021,3.01316055628133,-55.4494983539738
403.390455678875,3.92167017465476,-50.7260735923965
255.730982451873,3.39832652718743,-30.8502445951035
305.51170773052,2.47255398489518,-38.3104566099751
481.540049932598,3.49949152825884,-59.6365927655979
311.177515945291,2.13966722919096,-37.053713569046
320.006594879193,0.0692530663353188,-37.9452867954596
484.954467453154,2.54089965430036,-57.2729305266026
346.829913912436,1.87444531181947,-41.81419441851
327.803879969568,2.39907711615999,-38.1174075418151
295.531499706982,1.3545189782098,-34.4678955698368
282.209603004562,2.25988273381278,-34.2734076085955
301.640530461315,0.840098541805837,-36.5412979345636
290.550571302708,-0.318538265521255,-35.4644496856982
674.631708478361,4.34953109720562,-81.2353936040123
570.368121754682,2.83692869745686,-66.9332310989498
336.630855894947,0.986234632437839,-39.804973501588
